"PassengerId","Survived","Pclass","Sex","Age","SibSp","Parch","Fare","Cabin","Embarked","Age_imp","has_cabin","age_label","ticket_range","Embarked_value","has_sibsp","has_Parch","has_family"
7,0,"1","male",54,0,0,51.8625,"E46","S",FALSE,"Con cabina","adult","2","3","alone","alone","alone"
24,1,"1","male",28,0,0,35.5,"A6","S",FALSE,"Con cabina","adult","2","3","alone","alone","alone"
28,0,"1","male",19,3,2,263,"C23 C25 C27","S",FALSE,"Con cabina","adult","3","3","sibs","parch","family"
31,0,"1","male",40,0,0,27.7208,"","C",FALSE,"Sin cabina","adult","2","1","alone","alone","alone"
35,0,"1","male",28,1,0,82.1708,"","C",FALSE,"Sin cabina","adult","3","1","sibs","alone","family"
36,0,"1","male",42,1,0,52,"","S",FALSE,"Sin cabina","adult","2","3","sibs","alone","family"
55,0,"1","male",65,0,1,61.9792,"B30","C",FALSE,"Con cabina","adult","2","1","alone","parch","family"
56,1,"1","male",36,0,0,35.5,"C52","S",TRUE,"Con cabina","adult","2","3","alone","alone","alone"
63,0,"1","male",45,1,0,83.475,"C83","S",FALSE,"Con cabina","adult","3","3","sibs","alone","family"
65,0,"1","male",42,0,0,27.7208,"","C",TRUE,"Sin cabina","adult","2","1","alone","alone","alone"
84,0,"1","male",28,0,0,47.1,"","S",FALSE,"Sin cabina","adult","2","3","alone","alone","alone"
93,0,"1","male",46,1,0,61.175,"E31","S",FALSE,"Con cabina","adult","2","3","sibs","alone","family"
97,0,"1","male",71,0,0,34.6542,"A5","C",FALSE,"Con cabina","adult","2","1","alone","alone","alone"
98,1,"1","male",23,0,1,63.3583,"D10 D12","C",FALSE,"Con cabina","adult","2","1","alone","parch","family"
103,0,"1","male",21,0,1,77.2875,"D26","S",FALSE,"Con cabina","adult","3","3","alone","parch","family"
111,0,"1","male",47,0,0,52,"C110","S",FALSE,"Con cabina","adult","2","3","alone","alone","alone"
119,0,"1","male",24,0,1,247.5208,"B58 B60","C",FALSE,"Con cabina","adult","3","1","alone","parch","family"
125,0,"1","male",54,0,1,77.2875,"D26","S",FALSE,"Con cabina","adult","3","3","alone","parch","family"
138,0,"1","male",37,1,0,53.1,"C123","S",FALSE,"Con cabina","adult","2","3","sibs","alone","family"
140,0,"1","male",24,0,0,79.2,"B86","C",FALSE,"Con cabina","adult","3","1","alone","alone","alone"
156,0,"1","male",51,0,1,61.3792,"","C",FALSE,"Sin cabina","adult","2","1","alone","parch","family"
169,0,"1","male",51,0,0,25.925,"","S",TRUE,"Sin cabina","adult","2","3","alone","alone","alone"
171,0,"1","male",61,0,0,33.5,"B19","S",FALSE,"Con cabina","adult","2","3","alone","alone","alone"
175,0,"1","male",56,0,0,30.6958,"A7","C",FALSE,"Con cabina","adult","2","1","alone","alone","alone"
186,0,"1","male",47,0,0,50,"A32","S",TRUE,"Con cabina","adult","2","3","alone","alone","alone"
188,1,"1","male",45,0,0,26.55,"","S",FALSE,"Sin cabina","adult","2","3","alone","alone","alone"
210,1,"1","male",40,0,0,31,"A31","C",FALSE,"Con cabina","adult","2","1","alone","alone","alone"
225,1,"1","male",38,1,0,90,"C93","S",FALSE,"Con cabina","adult","3","3","sibs","alone","family"
246,0,"1","male",44,2,0,90,"C78","Q",FALSE,"Con cabina","adult","3","2","sibs","alone","family"
249,1,"1","male",37,1,1,52.5542,"D35","S",FALSE,"Con cabina","adult","2","3","sibs","parch","family"
253,0,"1","male",62,0,0,26.55,"C87","S",FALSE,"Con cabina","adult","2","3","alone","alone","alone"
263,0,"1","male",52,1,1,79.65,"E67","S",FALSE,"Con cabina","adult","3","3","sibs","parch","family"
264,0,"1","male",40,0,0,0,"B94","S",FALSE,"Con cabina","adult","1","3","alone","alone","alone"
271,0,"1","male",51,0,0,31,"","S",TRUE,"Sin cabina","adult","2","3","alone","alone","alone"
274,0,"1","male",37,0,1,29.7,"C118","C",FALSE,"Con cabina","adult","2","1","alone","parch","family"
285,0,"1","male",47,0,0,26,"A19","S",TRUE,"Con cabina","adult","2","3","alone","alone","alone"
296,0,"1","male",51,0,0,27.7208,"","C",TRUE,"Sin cabina","adult","2","1","alone","alone","alone"
299,1,"1","male",36,0,0,30.5,"C106","S",TRUE,"Con cabina","adult","2","3","alone","alone","alone"
306,1,"1","male",0.92,1,2,151.55,"C22 C26","S",FALSE,"Con cabina","kid","3","3","sibs","parch","family"
332,0,"1","male",45.5,0,0,28.5,"C124","S",FALSE,"Con cabina","adult","2","3","alone","alone","alone"
333,0,"1","male",38,0,1,153.4625,"C91","S",FALSE,"Con cabina","adult","3","3","alone","parch","family"
337,0,"1","male",29,1,0,66.6,"C2","S",FALSE,"Con cabina","adult","2","3","sibs","alone","family"
340,0,"1","male",45,0,0,35.5,"T","S",FALSE,"Con cabina","adult","2","3","alone","alone","alone"
352,0,"1","male",47,0,0,35,"C128","S",TRUE,"Con cabina","adult","2","3","alone","alone","alone"
371,1,"1","male",25,1,0,55.4417,"E50","C",FALSE,"Con cabina","adult","2","1","sibs","alone","family"
374,0,"1","male",22,0,0,135.6333,"","C",FALSE,"Sin cabina","adult","3","1","alone","alone","alone"
378,0,"1","male",27,0,2,211.5,"C82","C",FALSE,"Con cabina","adult","3","1","alone","parch","family"
391,1,"1","male",36,1,2,120,"B96 B98","S",FALSE,"Con cabina","adult","3","3","sibs","parch","family"
431,1,"1","male",28,0,0,26.55,"C52","S",FALSE,"Con cabina","adult","2","3","alone","alone","alone"
435,0,"1","male",50,1,0,55.9,"E44","S",FALSE,"Con cabina","adult","2","3","sibs","alone","family"
439,0,"1","male",64,1,4,263,"C23 C25 C27","S",FALSE,"Con cabina","adult","3","3","sibs","parch","family"
446,1,"1","male",4,0,2,81.8583,"A34","S",FALSE,"Con cabina","kid","3","3","alone","parch","family"
448,1,"1","male",34,0,0,26.55,"","S",FALSE,"Sin cabina","adult","2","3","alone","alone","alone"
450,1,"1","male",52,0,0,30.5,"C104","S",FALSE,"Con cabina","adult","2","3","alone","alone","alone"
453,0,"1","male",30,0,0,27.75,"C111","C",FALSE,"Con cabina","adult","2","1","alone","alone","alone"
454,1,"1","male",49,1,0,89.1042,"C92","C",FALSE,"Con cabina","adult","3","1","sibs","alone","family"
457,0,"1","male",65,0,0,26.55,"E38","S",FALSE,"Con cabina","adult","2","3","alone","alone","alone"
461,1,"1","male",48,0,0,26.55,"E12","S",FALSE,"Con cabina","adult","2","3","alone","alone","alone"
463,0,"1","male",47,0,0,38.5,"E63","S",FALSE,"Con cabina","adult","2","3","alone","alone","alone"
468,0,"1","male",56,0,0,26.55,"","S",FALSE,"Sin cabina","adult","2","3","alone","alone","alone"
476,0,"1","male",55,0,0,52,"A14","S",TRUE,"Con cabina","adult","2","3","alone","alone","alone"
485,1,"1","male",25,1,0,91.0792,"B49","C",FALSE,"Con cabina","adult","3","1","sibs","alone","family"
488,0,"1","male",58,0,0,29.7,"B37","C",FALSE,"Con cabina","adult","2","1","alone","alone","alone"
493,0,"1","male",55,0,0,30.5,"C30","S",FALSE,"Con cabina","adult","2","3","alone","alone","alone"
494,0,"1","male",71,0,0,49.5042,"","C",FALSE,"Sin cabina","adult","2","1","alone","alone","alone"
506,0,"1","male",18,1,0,108.9,"C65","C",FALSE,"Con cabina","teenager","3","1","sibs","alone","family"
508,1,"1","male",48,0,0,26.55,"","S",TRUE,"Sin cabina","adult","2","3","alone","alone","alone"
513,1,"1","male",36,0,0,26.2875,"E25","S",FALSE,"Con cabina","adult","2","3","alone","alone","alone"
516,0,"1","male",47,0,0,34.0208,"D46","S",FALSE,"Con cabina","adult","2","3","alone","alone","alone"
528,0,"1","male",47,0,0,221.7792,"C95","S",TRUE,"Con cabina","adult","3","3","alone","alone","alone"
537,0,"1","male",45,0,0,26.55,"B38","S",FALSE,"Con cabina","adult","2","3","alone","alone","alone"
545,0,"1","male",50,1,0,106.425,"C86","C",FALSE,"Con cabina","adult","3","1","sibs","alone","family"
546,0,"1","male",64,0,0,26,"","S",FALSE,"Sin cabina","adult","2","3","alone","alone","alone"
551,1,"1","male",17,0,2,110.8833,"C70","C",FALSE,"Con cabina","teenager","3","1","alone","parch","family"
556,0,"1","male",62,0,0,26.55,"","S",FALSE,"Sin cabina","adult","2","3","alone","alone","alone"
558,0,"1","male",51,0,0,227.525,"","C",TRUE,"Sin cabina","adult","3","1","alone","alone","alone"
573,1,"1","male",36,0,0,26.3875,"E25","S",FALSE,"Con cabina","adult","2","3","alone","alone","alone"
584,0,"1","male",36,0,0,40.125,"A10","C",FALSE,"Con cabina","adult","2","1","alone","alone","alone"
588,1,"1","male",60,1,1,79.2,"B41","C",FALSE,"Con cabina","adult","3","1","sibs","parch","family"
600,1,"1","male",49,1,0,56.9292,"A20","C",FALSE,"Con cabina","adult","2","1","sibs","alone","family"
603,0,"1","male",51,0,0,42.4,"","S",TRUE,"Sin cabina","adult","2","3","alone","alone","alone"
605,1,"1","male",35,0,0,26.55,"","C",FALSE,"Sin cabina","adult","2","1","alone","alone","alone"
608,1,"1","male",27,0,0,30.5,"","S",FALSE,"Sin cabina","adult","2","3","alone","alone","alone"
622,1,"1","male",42,1,0,52.5542,"D19","S",FALSE,"Con cabina","adult","2","3","sibs","alone","family"
626,0,"1","male",61,0,0,32.3208,"D50","S",FALSE,"Con cabina","adult","2","3","alone","alone","alone"
631,1,"1","male",80,0,0,30,"A23","S",FALSE,"Con cabina","adult","2","3","alone","alone","alone"
633,1,"1","male",32,0,0,30.5,"B50","C",FALSE,"Con cabina","adult","2","1","alone","alone","alone"
634,0,"1","male",56,0,0,0,"","S",TRUE,"Sin cabina","adult","1","3","alone","alone","alone"
646,1,"1","male",48,1,0,76.7292,"D33","C",FALSE,"Con cabina","adult","3","1","sibs","alone","family"
648,1,"1","male",56,0,0,35.5,"A26","C",FALSE,"Con cabina","adult","2","1","alone","alone","alone"
660,0,"1","male",58,0,2,113.275,"D48","C",FALSE,"Con cabina","adult","3","1","alone","parch","family"
661,1,"1","male",50,2,0,133.65,"","S",FALSE,"Sin cabina","adult","3","3","sibs","alone","family"
663,0,"1","male",47,0,0,25.5875,"E58","S",FALSE,"Con cabina","adult","2","3","alone","alone","alone"
672,0,"1","male",31,1,0,52,"B71","S",FALSE,"Con cabina","adult","2","3","sibs","alone","family"
680,1,"1","male",36,0,1,512.3292,"B51 B53 B55","C",FALSE,"Con cabina","adult","3","1","alone","parch","family"
682,1,"1","male",27,0,0,76.7292,"D49","C",FALSE,"Con cabina","adult","3","1","alone","alone","alone"
691,1,"1","male",31,1,0,57,"B20","S",FALSE,"Con cabina","adult","2","3","sibs","alone","family"
695,0,"1","male",60,0,0,26.55,"","S",FALSE,"Sin cabina","adult","2","3","alone","alone","alone"
699,0,"1","male",49,1,1,110.8833,"C68","C",FALSE,"Con cabina","adult","3","1","sibs","parch","family"
702,1,"1","male",35,0,0,26.2875,"E24","S",FALSE,"Con cabina","adult","2","3","alone","alone","alone"
708,1,"1","male",42,0,0,26.2875,"E24","S",FALSE,"Con cabina","adult","2","3","alone","alone","alone"
712,0,"1","male",46,0,0,26.55,"C124","S",TRUE,"Con cabina","adult","2","3","alone","alone","alone"
713,1,"1","male",48,1,0,52,"C126","S",FALSE,"Con cabina","adult","2","3","sibs","alone","family"
725,1,"1","male",27,1,0,53.1,"E8","S",FALSE,"Con cabina","adult","2","3","sibs","alone","family"
738,1,"1","male",35,0,0,512.3292,"B101","C",FALSE,"Con cabina","adult","3","1","alone","alone","alone"
741,1,"1","male",35,0,0,30,"D45","S",TRUE,"Con cabina","adult","2","3","alone","alone","alone"
742,0,"1","male",36,1,0,78.85,"C46","S",FALSE,"Con cabina","adult","3","3","sibs","alone","family"
746,0,"1","male",70,1,1,71,"B22","S",FALSE,"Con cabina","adult","3","3","sibs","parch","family"
749,0,"1","male",19,1,0,53.1,"D30","S",FALSE,"Con cabina","adult","2","3","sibs","alone","family"
767,0,"1","male",40,0,0,39.6,"","C",TRUE,"Sin cabina","adult","2","1","alone","alone","alone"
783,0,"1","male",29,0,0,30,"D6","S",FALSE,"Con cabina","adult","2","3","alone","alone","alone"
790,0,"1","male",46,0,0,79.2,"B82 B84","C",FALSE,"Con cabina","adult","3","1","alone","alone","alone"
794,0,"1","male",46,0,0,30.6958,"","C",TRUE,"Sin cabina","adult","2","1","alone","alone","alone"
803,1,"1","male",11,1,2,120,"B96 B98","S",FALSE,"Con cabina","teenager","3","3","sibs","parch","family"
807,0,"1","male",39,0,0,0,"A36","S",FALSE,"Con cabina","adult","1","3","alone","alone","alone"
816,0,"1","male",39,0,0,0,"B102","S",TRUE,"Con cabina","adult","1","3","alone","alone","alone"
823,0,"1","male",38,0,0,0,"","S",FALSE,"Sin cabina","adult","1","3","alone","alone","alone"
840,1,"1","male",35,0,0,29.7,"C47","C",TRUE,"Con cabina","adult","2","1","alone","alone","alone"
858,1,"1","male",51,0,0,26.55,"E17","S",FALSE,"Con cabina","adult","2","3","alone","alone","alone"
868,0,"1","male",31,0,0,50.4958,"A24","S",FALSE,"Con cabina","adult","2","3","alone","alone","alone"
873,0,"1","male",33,0,0,5,"B51 B53 B55","S",FALSE,"Con cabina","adult","1","3","alone","alone","alone"
890,1,"1","male",26,0,0,30,"C148","C",FALSE,"Con cabina","adult","2","1","alone","alone","alone"
2,1,"1","female",38,1,0,71.2833,"C85","C",FALSE,"Con cabina","adult","3","1","sibs","alone","family"
4,1,"1","female",35,1,0,53.1,"C123","S",FALSE,"Con cabina","adult","2","3","sibs","alone","family"
12,1,"1","female",58,0,0,26.55,"C103","S",FALSE,"Con cabina","adult","2","3","alone","alone","alone"
32,1,"1","female",35,1,0,146.5208,"B78","C",TRUE,"Con cabina","adult","3","1","sibs","alone","family"
53,1,"1","female",49,1,0,76.7292,"D33","C",FALSE,"Con cabina","adult","3","1","sibs","alone","family"
89,1,"1","female",23,3,2,263,"C23 C25 C27","S",FALSE,"Con cabina","adult","3","3","sibs","parch","family"
137,1,"1","female",19,0,2,26.2833,"D47","S",FALSE,"Con cabina","adult","2","3","alone","parch","family"
152,1,"1","female",22,1,0,66.6,"C2","S",FALSE,"Con cabina","adult","2","3","sibs","alone","family"
167,1,"1","female",32,0,1,55,"E33","S",TRUE,"Con cabina","adult","2","3","alone","parch","family"
178,0,"1","female",50,0,0,28.7125,"C49","C",FALSE,"Con cabina","adult","2","1","alone","alone","alone"
195,1,"1","female",44,0,0,27.7208,"B4","C",FALSE,"Con cabina","adult","2","1","alone","alone","alone"
196,1,"1","female",58,0,0,146.5208,"B80","C",FALSE,"Con cabina","adult","3","1","alone","alone","alone"
216,1,"1","female",31,1,0,113.275,"D36","C",FALSE,"Con cabina","adult","3","1","sibs","alone","family"
219,1,"1","female",32,0,0,76.2917,"D15","C",FALSE,"Con cabina","adult","3","1","alone","alone","alone"
231,1,"1","female",35,1,0,83.475,"C83","S",FALSE,"Con cabina","adult","3","3","sibs","alone","family"
257,1,"1","female",35,0,0,79.2,"","C",TRUE,"Sin cabina","adult","3","1","alone","alone","alone"
258,1,"1","female",30,0,0,86.5,"B77","S",FALSE,"Con cabina","adult","3","3","alone","alone","alone"
259,1,"1","female",35,0,0,512.3292,"","C",FALSE,"Sin cabina","adult","3","1","alone","alone","alone"
269,1,"1","female",58,0,1,153.4625,"C125","S",FALSE,"Con cabina","adult","3","3","alone","parch","family"
270,1,"1","female",35,0,0,135.6333,"C99","S",FALSE,"Con cabina","adult","3","3","alone","alone","alone"
276,1,"1","female",63,1,0,77.9583,"D7","S",FALSE,"Con cabina","adult","3","3","sibs","alone","family"
291,1,"1","female",26,0,0,78.85,"","S",FALSE,"Sin cabina","adult","3","3","alone","alone","alone"
292,1,"1","female",19,1,0,91.0792,"B49","C",FALSE,"Con cabina","adult","3","1","sibs","alone","family"
298,0,"1","female",2,1,2,151.55,"C22 C26","S",FALSE,"Con cabina","kid","3","3","sibs","parch","family"
300,1,"1","female",50,0,1,247.5208,"B58 B60","C",FALSE,"Con cabina","adult","3","1","alone","parch","family"
307,1,"1","female",35,0,0,110.8833,"","C",TRUE,"Sin cabina","adult","3","1","alone","alone","alone"
308,1,"1","female",17,1,0,108.9,"C65","C",FALSE,"Con cabina","teenager","3","1","sibs","alone","family"
310,1,"1","female",30,0,0,56.9292,"E36","C",FALSE,"Con cabina","adult","2","1","alone","alone","alone"
311,1,"1","female",24,0,0,83.1583,"C54","C",FALSE,"Con cabina","adult","3","1","alone","alone","alone"
312,1,"1","female",18,2,2,262.375,"B57 B59 B63 B66","C",FALSE,"Con cabina","teenager","3","1","sibs","parch","family"
319,1,"1","female",31,0,2,164.8667,"C7","S",FALSE,"Con cabina","adult","3","3","alone","parch","family"
320,1,"1","female",40,1,1,134.5,"E34","C",FALSE,"Con cabina","adult","3","1","sibs","parch","family"
326,1,"1","female",36,0,0,135.6333,"C32","C",FALSE,"Con cabina","adult","3","1","alone","alone","alone"
330,1,"1","female",16,0,1,57.9792,"B18","C",FALSE,"Con cabina","teenager","2","1","alone","parch","family"
335,1,"1","female",31,1,0,133.65,"","S",TRUE,"Sin cabina","adult","3","3","sibs","alone","family"
338,1,"1","female",41,0,0,134.5,"E40","C",FALSE,"Con cabina","adult","3","1","alone","alone","alone"
342,1,"1","female",24,3,2,263,"C23 C25 C27","S",FALSE,"Con cabina","adult","3","3","sibs","parch","family"
357,1,"1","female",22,0,1,55,"E33","S",FALSE,"Con cabina","adult","2","3","alone","parch","family"
367,1,"1","female",60,1,0,75.25,"D37","C",FALSE,"Con cabina","adult","3","1","sibs","alone","family"
370,1,"1","female",24,0,0,69.3,"B35","C",FALSE,"Con cabina","adult","2","1","alone","alone","alone"
376,1,"1","female",35,1,0,82.1708,"","C",TRUE,"Sin cabina","adult","3","1","sibs","alone","family"
381,1,"1","female",42,0,0,227.525,"","C",FALSE,"Sin cabina","adult","3","1","alone","alone","alone"
384,1,"1","female",35,1,0,52,"","S",FALSE,"Sin cabina","adult","2","3","sibs","alone","family"
394,1,"1","female",23,1,0,113.275,"D36","C",FALSE,"Con cabina","adult","3","1","sibs","alone","family"
413,1,"1","female",33,1,0,90,"C78","Q",FALSE,"Con cabina","adult","3","2","sibs","alone","family"
436,1,"1","female",14,1,2,120,"B96 B98","S",FALSE,"Con cabina","teenager","3","3","sibs","parch","family"
458,1,"1","female",48,1,0,51.8625,"D21","S",TRUE,"Con cabina","adult","2","3","sibs","alone","family"
487,1,"1","female",35,1,0,90,"C93","S",FALSE,"Con cabina","adult","3","3","sibs","alone","family"
497,1,"1","female",54,1,0,78.2667,"D20","C",FALSE,"Con cabina","adult","3","1","sibs","alone","family"
499,0,"1","female",25,1,2,151.55,"C22 C26","S",FALSE,"Con cabina","adult","3","3","sibs","parch","family"
505,1,"1","female",16,0,0,86.5,"B79","S",FALSE,"Con cabina","teenager","3","3","alone","alone","alone"
514,1,"1","female",54,1,0,59.4,"","C",FALSE,"Sin cabina","adult","2","1","sibs","alone","family"
521,1,"1","female",30,0,0,93.5,"B73","S",FALSE,"Con cabina","adult","3","3","alone","alone","alone"
524,1,"1","female",44,0,1,57.9792,"B18","C",FALSE,"Con cabina","adult","2","1","alone","parch","family"
538,1,"1","female",30,0,0,106.425,"","C",FALSE,"Sin cabina","adult","3","1","alone","alone","alone"
540,1,"1","female",22,0,2,49.5,"B39","C",FALSE,"Con cabina","adult","2","1","alone","parch","family"
541,1,"1","female",36,0,2,71,"B22","S",FALSE,"Con cabina","adult","3","3","alone","parch","family"
557,1,"1","female",48,1,0,39.6,"A16","C",FALSE,"Con cabina","adult","2","1","sibs","alone","family"
559,1,"1","female",39,1,1,79.65,"E67","S",FALSE,"Con cabina","adult","3","3","sibs","parch","family"
572,1,"1","female",53,2,0,51.4792,"C101","S",FALSE,"Con cabina","adult","2","3","sibs","alone","family"
578,1,"1","female",39,1,0,55.9,"E44","S",FALSE,"Con cabina","adult","2","3","sibs","alone","family"
582,1,"1","female",39,1,1,110.8833,"C68","C",FALSE,"Con cabina","adult","3","1","sibs","parch","family"
586,1,"1","female",18,0,2,79.65,"E68","S",FALSE,"Con cabina","teenager","3","3","alone","parch","family"
592,1,"1","female",52,1,0,78.2667,"D20","C",FALSE,"Con cabina","adult","3","1","sibs","alone","family"
610,1,"1","female",40,0,0,153.4625,"C125","S",FALSE,"Con cabina","adult","3","3","alone","alone","alone"
628,1,"1","female",21,0,0,77.9583,"D9","S",FALSE,"Con cabina","adult","3","3","alone","alone","alone"
642,1,"1","female",24,0,0,69.3,"B35","C",FALSE,"Con cabina","adult","2","1","alone","alone","alone"
670,1,"1","female",24,1,0,52,"C126","S",TRUE,"Con cabina","adult","2","3","sibs","alone","family"
690,1,"1","female",15,0,1,211.3375,"B5","S",FALSE,"Con cabina","teenager","3","3","alone","parch","family"
701,1,"1","female",18,1,0,227.525,"C62 C64","C",FALSE,"Con cabina","teenager","3","1","sibs","alone","family"
709,1,"1","female",22,0,0,151.55,"","S",FALSE,"Sin cabina","adult","3","3","alone","alone","alone"
711,1,"1","female",24,0,0,49.5042,"C90","C",FALSE,"Con cabina","adult","2","1","alone","alone","alone"
717,1,"1","female",38,0,0,227.525,"C45","C",FALSE,"Con cabina","adult","3","1","alone","alone","alone"
731,1,"1","female",29,0,0,211.3375,"B5","S",FALSE,"Con cabina","adult","3","3","alone","alone","alone"
743,1,"1","female",21,2,2,262.375,"B57 B59 B63 B66","C",FALSE,"Con cabina","adult","3","1","sibs","parch","family"
760,1,"1","female",33,0,0,86.5,"B77","S",FALSE,"Con cabina","adult","3","3","alone","alone","alone"
764,1,"1","female",36,1,2,120,"B96 B98","S",FALSE,"Con cabina","adult","3","3","sibs","parch","family"
766,1,"1","female",51,1,0,77.9583,"D11","S",FALSE,"Con cabina","adult","3","3","sibs","alone","family"
780,1,"1","female",43,0,1,211.3375,"B3","S",FALSE,"Con cabina","adult","3","3","alone","parch","family"
782,1,"1","female",17,1,0,57,"B20","S",FALSE,"Con cabina","teenager","2","3","sibs","alone","family"
797,1,"1","female",49,0,0,25.9292,"D17","S",FALSE,"Con cabina","adult","2","3","alone","alone","alone"
810,1,"1","female",33,1,0,53.1,"E8","S",FALSE,"Con cabina","adult","2","3","sibs","alone","family"
821,1,"1","female",52,1,1,93.5,"B69","S",FALSE,"Con cabina","adult","3","3","sibs","parch","family"
836,1,"1","female",39,1,1,83.1583,"E49","C",FALSE,"Con cabina","adult","3","1","sibs","parch","family"
843,1,"1","female",30,0,0,31,"","C",FALSE,"Sin cabina","adult","2","1","alone","alone","alone"
850,1,"1","female",39,1,0,89.1042,"C92","C",TRUE,"Con cabina","adult","3","1","sibs","alone","family"
854,1,"1","female",16,0,1,39.4,"D28","S",FALSE,"Con cabina","teenager","2","3","alone","parch","family"
857,1,"1","female",45,1,1,164.8667,"","S",FALSE,"Sin cabina","adult","3","3","sibs","parch","family"
863,1,"1","female",48,0,0,25.9292,"D17","S",FALSE,"Con cabina","adult","2","3","alone","alone","alone"
872,1,"1","female",47,1,1,52.5542,"D35","S",FALSE,"Con cabina","adult","2","3","sibs","parch","family"
880,1,"1","female",56,0,1,83.1583,"C50","C",FALSE,"Con cabina","adult","3","1","alone","parch","family"
888,1,"1","female",19,0,0,30,"B42","S",FALSE,"Con cabina","adult","2","3","alone","alone","alone"
18,1,"2","male",42,0,0,13,"","S",TRUE,"Sin cabina","adult","2","3","alone","alone","alone"
21,0,"2","male",35,0,0,26,"","S",FALSE,"Sin cabina","adult","2","3","alone","alone","alone"
22,1,"2","male",34,0,0,13,"D56","S",FALSE,"Con cabina","adult","2","3","alone","alone","alone"
34,0,"2","male",66,0,0,10.5,"","S",FALSE,"Sin cabina","adult","2","3","alone","alone","alone"
71,0,"2","male",32,0,0,10.5,"","S",FALSE,"Sin cabina","adult","2","3","alone","alone","alone"
73,0,"2","male",21,0,0,73.5,"","S",FALSE,"Sin cabina","adult","3","3","alone","alone","alone"
79,1,"2","male",0.83,0,2,29,"","S",FALSE,"Sin cabina","kid","2","3","alone","parch","family"
100,0,"2","male",34,1,0,26,"","S",FALSE,"Sin cabina","adult","2","3","sibs","alone","family"
118,0,"2","male",29,1,0,21,"","S",FALSE,"Sin cabina","adult","2","3","sibs","alone","family"
121,0,"2","male",21,2,0,73.5,"","S",FALSE,"Sin cabina","adult","3","3","sibs","alone","family"
123,0,"2","male",32.5,1,0,30.0708,"","C",FALSE,"Sin cabina","adult","2","1","sibs","alone","family"
135,0,"2","male",25,0,0,13,"","S",FALSE,"Sin cabina","adult","2","3","alone","alone","alone"
136,0,"2","male",23,0,0,15.0458,"","C",FALSE,"Sin cabina","adult","2","1","alone","alone","alone"
145,0,"2","male",18,0,0,11.5,"","S",FALSE,"Sin cabina","teenager","2","3","alone","alone","alone"
146,0,"2","male",19,1,1,36.75,"","S",FALSE,"Sin cabina","adult","2","3","sibs","parch","family"
149,0,"2","male",36.5,0,2,26,"F2","S",FALSE,"Con cabina","adult","2","3","alone","parch","family"
150,0,"2","male",42,0,0,13,"","S",FALSE,"Sin cabina","adult","2","3","alone","alone","alone"
151,0,"2","male",51,0,0,12.525,"","S",FALSE,"Sin cabina","adult","2","3","alone","alone","alone"
179,0,"2","male",30,0,0,13,"","S",FALSE,"Sin cabina","adult","2","3","alone","alone","alone"
182,0,"2","male",30,0,0,15.05,"","C",TRUE,"Sin cabina","adult","2","1","alone","alone","alone"
184,1,"2","male",1,2,1,39,"F4","S",FALSE,"Con cabina","kid","2","3","sibs","parch","family"
192,0,"2","male",19,0,0,13,"","S",FALSE,"Sin cabina","adult","2","3","alone","alone","alone"
194,1,"2","male",3,1,1,26,"F2","S",FALSE,"Con cabina","kid","2","3","sibs","parch","family"
214,0,"2","male",30,0,0,13,"","S",FALSE,"Sin cabina","adult","2","3","alone","alone","alone"
218,0,"2","male",42,1,0,27,"","S",FALSE,"Sin cabina","adult","2","3","sibs","alone","family"
220,0,"2","male",30,0,0,10.5,"","S",FALSE,"Sin cabina","adult","2","3","alone","alone","alone"
222,0,"2","male",27,0,0,13,"","S",FALSE,"Sin cabina","adult","2","3","alone","alone","alone"
227,1,"2","male",19,0,0,10.5,"","S",FALSE,"Sin cabina","adult","2","3","alone","alone","alone"
229,0,"2","male",18,0,0,13,"","S",FALSE,"Sin cabina","teenager","2","3","alone","alone","alone"
233,0,"2","male",59,0,0,13.5,"","S",FALSE,"Sin cabina","adult","2","3","alone","alone","alone"
235,0,"2","male",24,0,0,10.5,"","S",FALSE,"Sin cabina","adult","2","3","alone","alone","alone"
237,0,"2","male",44,1,0,26,"","S",FALSE,"Sin cabina","adult","2","3","sibs","alone","family"
239,0,"2","male",19,0,0,10.5,"","S",FALSE,"Sin cabina","adult","2","3","alone","alone","alone"
240,0,"2","male",33,0,0,12.275,"","S",FALSE,"Sin cabina","adult","2","3","alone","alone","alone"
243,0,"2","male",29,0,0,10.5,"","S",FALSE,"Sin cabina","adult","2","3","alone","alone","alone"
250,0,"2","male",54,1,0,26,"","S",FALSE,"Sin cabina","adult","2","3","sibs","alone","family"
266,0,"2","male",36,0,0,10.5,"","S",FALSE,"Sin cabina","adult","2","3","alone","alone","alone"
278,0,"2","male",30,0,0,0,"","S",TRUE,"Sin cabina","adult","1","3","alone","alone","alone"
289,1,"2","male",42,0,0,13,"","S",FALSE,"Sin cabina","adult","2","3","alone","alone","alone"
293,0,"2","male",36,0,0,12.875,"D","C",FALSE,"Con cabina","adult","2","1","alone","alone","alone"
309,0,"2","male",30,1,0,24,"","C",FALSE,"Sin cabina","adult","2","1","sibs","alone","family"
315,0,"2","male",43,1,1,26.25,"","S",FALSE,"Sin cabina","adult","2","3","sibs","parch","family"
318,0,"2","male",54,0,0,14,"","S",FALSE,"Sin cabina","adult","2","3","alone","alone","alone"
341,1,"2","male",2,1,1,26,"F2","S",FALSE,"Con cabina","kid","2","3","sibs","parch","family"
343,0,"2","male",28,0,0,13,"","S",FALSE,"Sin cabina","adult","2","3","alone","alone","alone"
344,0,"2","male",25,0,0,13,"","S",FALSE,"Sin cabina","adult","2","3","alone","alone","alone"
345,0,"2","male",36,0,0,13,"","S",FALSE,"Sin cabina","adult","2","3","alone","alone","alone"
362,0,"2","male",29,1,0,27.7208,"","C",FALSE,"Sin cabina","adult","2","1","sibs","alone","family"
386,0,"2","male",18,0,0,73.5,"","S",FALSE,"Sin cabina","teenager","3","3","alone","alone","alone"
398,0,"2","male",46,0,0,26,"","S",FALSE,"Sin cabina","adult","2","3","alone","alone","alone"
399,0,"2","male",23,0,0,10.5,"","S",FALSE,"Sin cabina","adult","2","3","alone","alone","alone"
406,0,"2","male",34,1,0,21,"","S",FALSE,"Sin cabina","adult","2","3","sibs","alone","family"
408,1,"2","male",3,1,1,18.75,"","S",FALSE,"Sin cabina","kid","2","3","sibs","parch","family"
414,0,"2","male",31,0,0,0,"","S",TRUE,"Sin cabina","adult","1","3","alone","alone","alone"
419,0,"2","male",30,0,0,13,"","S",FALSE,"Sin cabina","adult","2","3","alone","alone","alone"
440,0,"2","male",31,0,0,10.5,"","S",FALSE,"Sin cabina","adult","2","3","alone","alone","alone"
451,0,"2","male",36,1,2,27.75,"","S",FALSE,"Sin cabina","adult","2","3","sibs","parch","family"
464,0,"2","male",48,0,0,13,"","S",FALSE,"Sin cabina","adult","2","3","alone","alone","alone"
467,0,"2","male",30,0,0,0,"","S",TRUE,"Sin cabina","adult","1","3","alone","alone","alone"
477,0,"2","male",34,1,0,21,"","S",FALSE,"Sin cabina","adult","2","3","sibs","alone","family"
482,0,"2","male",30,0,0,0,"","S",TRUE,"Sin cabina","adult","1","3","alone","alone","alone"
530,0,"2","male",23,2,1,11.5,"","S",FALSE,"Sin cabina","adult","2","3","sibs","parch","family"
544,1,"2","male",32,1,0,26,"","S",FALSE,"Sin cabina","adult","2","3","sibs","alone","family"
548,1,"2","male",30,0,0,13.8625,"","C",TRUE,"Sin cabina","adult","2","1","alone","alone","alone"
550,1,"2","male",8,1,1,36.75,"","S",FALSE,"Sin cabina","kid","2","3","sibs","parch","family"
552,0,"2","male",27,0,0,26,"","S",FALSE,"Sin cabina","adult","2","3","alone","alone","alone"
563,0,"2","male",28,0,0,13.5,"","S",FALSE,"Sin cabina","adult","2","3","alone","alone","alone"
571,1,"2","male",62,0,0,10.5,"","S",FALSE,"Sin cabina","adult","2","3","alone","alone","alone"
583,0,"2","male",54,0,0,26,"","S",FALSE,"Sin cabina","adult","2","3","alone","alone","alone"
587,0,"2","male",47,0,0,15,"","S",FALSE,"Sin cabina","adult","2","3","alone","alone","alone"
595,0,"2","male",37,1,0,26,"","S",FALSE,"Sin cabina","adult","2","3","sibs","alone","family"
620,0,"2","male",26,0,0,10.5,"","S",FALSE,"Sin cabina","adult","2","3","alone","alone","alone"
627,0,"2","male",57,0,0,12.35,"","Q",FALSE,"Sin cabina","adult","2","2","alone","alone","alone"
638,0,"2","male",31,1,1,26.25,"","S",FALSE,"Sin cabina","adult","2","3","sibs","parch","family"
656,0,"2","male",24,2,0,73.5,"","S",FALSE,"Sin cabina","adult","3","3","sibs","alone","family"
659,0,"2","male",23,0,0,13,"","S",FALSE,"Sin cabina","adult","2","3","alone","alone","alone"
666,0,"2","male",32,2,0,73.5,"","S",FALSE,"Sin cabina","adult","3","3","sibs","alone","family"
667,0,"2","male",25,0,0,13,"","S",FALSE,"Sin cabina","adult","2","3","alone","alone","alone"
673,0,"2","male",70,0,0,10.5,"","S",FALSE,"Sin cabina","adult","2","3","alone","alone","alone"
674,1,"2","male",31,0,0,13,"","S",FALSE,"Sin cabina","adult","2","3","alone","alone","alone"
675,0,"2","male",34,0,0,0,"","S",TRUE,"Sin cabina","adult","1","3","alone","alone","alone"
685,0,"2","male",60,1,1,39,"","S",FALSE,"Sin cabina","adult","2","3","sibs","parch","family"
686,0,"2","male",25,1,2,41.5792,"","C",FALSE,"Sin cabina","adult","2","1","sibs","parch","family"
696,0,"2","male",52,0,0,13.5,"","S",FALSE,"Sin cabina","adult","2","3","alone","alone","alone"
706,0,"2","male",39,0,0,26,"","S",FALSE,"Sin cabina","adult","2","3","alone","alone","alone"
715,0,"2","male",52,0,0,13,"","S",FALSE,"Sin cabina","adult","2","3","alone","alone","alone"
723,0,"2","male",34,0,0,13,"","S",FALSE,"Sin cabina","adult","2","3","alone","alone","alone"
724,0,"2","male",50,0,0,13,"","S",FALSE,"Sin cabina","adult","2","3","alone","alone","alone"
729,0,"2","male",25,1,0,26,"","S",FALSE,"Sin cabina","adult","2","3","sibs","alone","family"
733,0,"2","male",39,0,0,0,"","S",TRUE,"Sin cabina","adult","1","3","alone","alone","alone"
734,0,"2","male",23,0,0,13,"","S",FALSE,"Sin cabina","adult","2","3","alone","alone","alone"
735,0,"2","male",23,0,0,13,"","S",FALSE,"Sin cabina","adult","2","3","alone","alone","alone"
756,1,"2","male",0.67,1,1,14.5,"","S",FALSE,"Sin cabina","kid","2","3","sibs","parch","family"
758,0,"2","male",18,0,0,11.5,"","S",FALSE,"Sin cabina","teenager","2","3","alone","alone","alone"
792,0,"2","male",16,0,0,26,"","S",FALSE,"Sin cabina","teenager","2","3","alone","alone","alone"
796,0,"2","male",39,0,0,13,"","S",FALSE,"Sin cabina","adult","2","3","alone","alone","alone"
801,0,"2","male",34,0,0,13,"","S",FALSE,"Sin cabina","adult","2","3","alone","alone","alone"
809,0,"2","male",39,0,0,13,"","S",FALSE,"Sin cabina","adult","2","3","alone","alone","alone"
813,0,"2","male",35,0,0,10.5,"","S",FALSE,"Sin cabina","adult","2","3","alone","alone","alone"
818,0,"2","male",31,1,1,37.0042,"","C",FALSE,"Sin cabina","adult","2","1","sibs","parch","family"
828,1,"2","male",1,0,2,37.0042,"","C",FALSE,"Sin cabina","kid","2","1","alone","parch","family"
832,1,"2","male",0.83,1,1,18.75,"","S",FALSE,"Sin cabina","kid","2","3","sibs","parch","family"
842,0,"2","male",16,0,0,10.5,"","S",FALSE,"Sin cabina","teenager","2","3","alone","alone","alone"
849,0,"2","male",28,0,1,33,"","S",FALSE,"Sin cabina","adult","2","3","alone","parch","family"
862,0,"2","male",21,1,0,11.5,"","S",FALSE,"Sin cabina","adult","2","3","sibs","alone","family"
865,0,"2","male",24,0,0,13,"","S",FALSE,"Sin cabina","adult","2","3","alone","alone","alone"
884,0,"2","male",28,0,0,10.5,"","S",FALSE,"Sin cabina","adult","2","3","alone","alone","alone"
887,0,"2","male",27,0,0,13,"","S",FALSE,"Sin cabina","adult","2","3","alone","alone","alone"
10,1,"2","female",14,1,0,30.0708,"","C",FALSE,"Sin cabina","teenager","2","1","sibs","alone","family"
16,1,"2","female",55,0,0,16,"","S",FALSE,"Sin cabina","adult","2","3","alone","alone","alone"
42,0,"2","female",27,1,0,21,"","S",FALSE,"Sin cabina","adult","2","3","sibs","alone","family"
44,1,"2","female",3,1,2,41.5792,"","C",FALSE,"Sin cabina","kid","2","1","sibs","parch","family"
54,1,"2","female",29,1,0,26,"","S",FALSE,"Sin cabina","adult","2","3","sibs","alone","family"
57,1,"2","female",21,0,0,10.5,"","S",FALSE,"Sin cabina","adult","2","3","alone","alone","alone"
59,1,"2","female",5,1,2,27.75,"","S",FALSE,"Sin cabina","kid","2","3","sibs","parch","family"
67,1,"2","female",29,0,0,10.5,"F33","S",FALSE,"Con cabina","adult","2","3","alone","alone","alone"
85,1,"2","female",17,0,0,10.5,"","S",FALSE,"Sin cabina","teenager","2","3","alone","alone","alone"
99,1,"2","female",34,0,1,23,"","S",FALSE,"Sin cabina","adult","2","3","alone","parch","family"
124,1,"2","female",32.5,0,0,13,"E101","S",FALSE,"Con cabina","adult","2","3","alone","alone","alone"
134,1,"2","female",29,1,0,26,"","S",FALSE,"Sin cabina","adult","2","3","sibs","alone","family"
162,1,"2","female",40,0,0,15.75,"","S",FALSE,"Sin cabina","adult","2","3","alone","alone","alone"
191,1,"2","female",32,0,0,13,"","S",FALSE,"Sin cabina","adult","2","3","alone","alone","alone"
200,0,"2","female",24,0,0,13,"","S",FALSE,"Sin cabina","adult","2","3","alone","alone","alone"
212,1,"2","female",35,0,0,21,"","S",FALSE,"Sin cabina","adult","2","3","alone","alone","alone"
238,1,"2","female",8,0,2,26.25,"","S",FALSE,"Sin cabina","kid","2","3","alone","parch","family"
248,1,"2","female",24,0,2,14.5,"","S",FALSE,"Sin cabina","adult","2","3","alone","parch","family"
260,1,"2","female",50,0,1,26,"","S",FALSE,"Sin cabina","adult","2","3","alone","parch","family"
273,1,"2","female",41,0,1,19.5,"","S",FALSE,"Sin cabina","adult","2","3","alone","parch","family"
304,1,"2","female",27,0,0,12.35,"E101","Q",TRUE,"Con cabina","adult","2","2","alone","alone","alone"
313,0,"2","female",26,1,1,26,"","S",FALSE,"Sin cabina","adult","2","3","sibs","parch","family"
317,1,"2","female",24,1,0,26,"","S",FALSE,"Sin cabina","adult","2","3","sibs","alone","family"
323,1,"2","female",30,0,0,12.35,"","Q",FALSE,"Sin cabina","adult","2","2","alone","alone","alone"
324,1,"2","female",22,1,1,29,"","S",FALSE,"Sin cabina","adult","2","3","sibs","parch","family"
328,1,"2","female",36,0,0,13,"D","S",FALSE,"Con cabina","adult","2","3","alone","alone","alone"
346,1,"2","female",24,0,0,13,"F33","S",FALSE,"Con cabina","adult","2","3","alone","alone","alone"
347,1,"2","female",40,0,0,13,"","S",FALSE,"Sin cabina","adult","2","3","alone","alone","alone"
358,0,"2","female",38,0,0,13,"","S",FALSE,"Sin cabina","adult","2","3","alone","alone","alone"
388,1,"2","female",36,0,0,13,"","S",FALSE,"Sin cabina","adult","2","3","alone","alone","alone"
390,1,"2","female",17,0,0,12,"","C",FALSE,"Sin cabina","teenager","2","1","alone","alone","alone"
400,1,"2","female",28,0,0,12.65,"","S",FALSE,"Sin cabina","adult","2","3","alone","alone","alone"
417,1,"2","female",34,1,1,32.5,"","S",FALSE,"Sin cabina","adult","2","3","sibs","parch","family"
418,1,"2","female",18,0,2,13,"","S",FALSE,"Sin cabina","teenager","2","3","alone","parch","family"
427,1,"2","female",28,1,0,26,"","S",FALSE,"Sin cabina","adult","2","3","sibs","alone","family"
428,1,"2","female",19,0,0,26,"","S",FALSE,"Sin cabina","adult","2","3","alone","alone","alone"
433,1,"2","female",42,1,0,26,"","S",FALSE,"Sin cabina","adult","2","3","sibs","alone","family"
438,1,"2","female",24,2,3,18.75,"","S",FALSE,"Sin cabina","adult","2","3","sibs","parch","family"
441,1,"2","female",45,1,1,26.25,"","S",FALSE,"Sin cabina","adult","2","3","sibs","parch","family"
444,1,"2","female",28,0,0,13,"","S",FALSE,"Sin cabina","adult","2","3","alone","alone","alone"
447,1,"2","female",13,0,1,19.5,"","S",FALSE,"Sin cabina","teenager","2","3","alone","parch","family"
459,1,"2","female",50,0,0,10.5,"","S",FALSE,"Sin cabina","adult","2","3","alone","alone","alone"
473,1,"2","female",33,1,2,27.75,"","S",FALSE,"Sin cabina","adult","2","3","sibs","parch","family"
474,1,"2","female",23,0,0,13.7917,"D","C",FALSE,"Con cabina","adult","2","1","alone","alone","alone"
507,1,"2","female",33,0,2,26,"","S",FALSE,"Sin cabina","adult","2","3","alone","parch","family"
517,1,"2","female",34,0,0,10.5,"F33","S",FALSE,"Con cabina","adult","2","3","alone","alone","alone"
519,1,"2","female",36,1,0,26,"","S",FALSE,"Sin cabina","adult","2","3","sibs","alone","family"
527,1,"2","female",50,0,0,10.5,"","S",FALSE,"Sin cabina","adult","2","3","alone","alone","alone"
531,1,"2","female",2,1,1,26,"","S",FALSE,"Sin cabina","kid","2","3","sibs","parch","family"
536,1,"2","female",7,0,2,26.25,"","S",FALSE,"Sin cabina","kid","2","3","alone","parch","family"
547,1,"2","female",19,1,0,26,"","S",FALSE,"Sin cabina","adult","2","3","sibs","alone","family"
577,1,"2","female",34,0,0,13,"","S",FALSE,"Sin cabina","adult","2","3","alone","alone","alone"
581,1,"2","female",25,1,1,30,"","S",FALSE,"Sin cabina","adult","2","3","sibs","parch","family"
597,1,"2","female",30,0,0,33,"","S",TRUE,"Sin cabina","adult","2","3","alone","alone","alone"
601,1,"2","female",24,2,1,27,"","S",FALSE,"Sin cabina","adult","2","3","sibs","parch","family"
609,1,"2","female",22,1,2,41.5792,"","C",FALSE,"Sin cabina","adult","2","1","sibs","parch","family"
616,1,"2","female",24,1,2,65,"","S",FALSE,"Sin cabina","adult","2","3","sibs","parch","family"
619,1,"2","female",4,2,1,39,"F4","S",FALSE,"Con cabina","kid","2","3","sibs","parch","family"
636,1,"2","female",28,0,0,13,"","S",FALSE,"Sin cabina","adult","2","3","alone","alone","alone"
652,1,"2","female",18,0,1,23,"","S",FALSE,"Sin cabina","teenager","2","3","alone","parch","family"
671,1,"2","female",40,1,1,39,"","S",FALSE,"Sin cabina","adult","2","3","sibs","parch","family"
707,1,"2","female",45,0,0,13.5,"","S",FALSE,"Sin cabina","adult","2","3","alone","alone","alone"
718,1,"2","female",27,0,0,10.5,"E101","S",FALSE,"Con cabina","adult","2","3","alone","alone","alone"
721,1,"2","female",6,0,1,33,"","S",FALSE,"Sin cabina","kid","2","3","alone","parch","family"
727,1,"2","female",30,3,0,21,"","S",FALSE,"Sin cabina","adult","2","3","sibs","alone","family"
748,1,"2","female",30,0,0,13,"","S",FALSE,"Sin cabina","adult","2","3","alone","alone","alone"
751,1,"2","female",4,1,1,23,"","S",FALSE,"Sin cabina","kid","2","3","sibs","parch","family"
755,1,"2","female",48,1,2,65,"","S",FALSE,"Sin cabina","adult","2","3","sibs","parch","family"
773,0,"2","female",57,0,0,10.5,"E77","S",FALSE,"Con cabina","adult","2","3","alone","alone","alone"
775,1,"2","female",54,1,3,23,"","S",FALSE,"Sin cabina","adult","2","3","sibs","parch","family"
802,1,"2","female",31,1,1,26.25,"","S",FALSE,"Sin cabina","adult","2","3","sibs","parch","family"
855,0,"2","female",44,1,0,26,"","S",FALSE,"Sin cabina","adult","2","3","sibs","alone","family"
866,1,"2","female",42,0,0,13,"","S",FALSE,"Sin cabina","adult","2","3","alone","alone","alone"
867,1,"2","female",27,1,0,13.8583,"","C",FALSE,"Sin cabina","adult","2","1","sibs","alone","family"
875,1,"2","female",28,1,0,24,"","C",FALSE,"Sin cabina","adult","2","1","sibs","alone","family"
881,1,"2","female",25,0,1,26,"","S",FALSE,"Sin cabina","adult","2","3","alone","parch","family"
1,0,"3","male",22,1,0,7.25,"","S",FALSE,"Sin cabina","adult","1","3","sibs","alone","family"
5,0,"3","male",35,0,0,8.05,"","S",FALSE,"Sin cabina","adult","2","3","alone","alone","alone"
6,0,"3","male",32,0,0,8.4583,"","Q",TRUE,"Sin cabina","adult","2","2","alone","alone","alone"
8,0,"3","male",2,3,1,21.075,"","S",FALSE,"Sin cabina","kid","2","3","sibs","parch","family"
13,0,"3","male",20,0,0,8.05,"","S",FALSE,"Sin cabina","adult","2","3","alone","alone","alone"
14,0,"3","male",39,1,5,31.275,"","S",FALSE,"Sin cabina","adult","2","3","sibs","parch","family"
17,0,"3","male",2,4,1,29.125,"","Q",FALSE,"Sin cabina","kid","2","2","sibs","parch","family"
27,0,"3","male",28.5,0,0,7.225,"","C",TRUE,"Sin cabina","adult","1","1","alone","alone","alone"
30,0,"3","male",22,0,0,7.8958,"","S",TRUE,"Sin cabina","adult","1","3","alone","alone","alone"
37,1,"3","male",22,0,0,7.2292,"","C",TRUE,"Sin cabina","adult","1","1","alone","alone","alone"
38,0,"3","male",21,0,0,8.05,"","S",FALSE,"Sin cabina","adult","2","3","alone","alone","alone"
43,0,"3","male",28.5,0,0,7.8958,"","C",TRUE,"Sin cabina","adult","1","1","alone","alone","alone"
46,0,"3","male",22,0,0,8.05,"","S",TRUE,"Sin cabina","adult","2","3","alone","alone","alone"
47,0,"3","male",25,1,0,15.5,"","Q",TRUE,"Sin cabina","adult","2","2","sibs","alone","family"
49,0,"3","male",27,2,0,21.6792,"","C",TRUE,"Sin cabina","adult","2","1","sibs","alone","family"
51,0,"3","male",7,4,1,39.6875,"","S",FALSE,"Sin cabina","kid","2","3","sibs","parch","family"
52,0,"3","male",21,0,0,7.8,"","S",FALSE,"Sin cabina","adult","1","3","alone","alone","alone"
58,0,"3","male",28.5,0,0,7.2292,"","C",FALSE,"Sin cabina","adult","1","1","alone","alone","alone"
60,0,"3","male",11,5,2,46.9,"","S",FALSE,"Sin cabina","teenager","2","3","sibs","parch","family"
61,0,"3","male",22,0,0,7.2292,"","C",FALSE,"Sin cabina","adult","1","1","alone","alone","alone"
64,0,"3","male",4,3,2,27.9,"","S",FALSE,"Sin cabina","kid","2","3","sibs","parch","family"
66,1,"3","male",20,1,1,15.2458,"","C",TRUE,"Sin cabina","adult","2","1","sibs","parch","family"
68,0,"3","male",19,0,0,8.1583,"","S",FALSE,"Sin cabina","adult","2","3","alone","alone","alone"
70,0,"3","male",26,2,0,8.6625,"","S",FALSE,"Sin cabina","adult","2","3","sibs","alone","family"
74,0,"3","male",26,1,0,14.4542,"","C",FALSE,"Sin cabina","adult","2","1","sibs","alone","family"
75,1,"3","male",32,0,0,56.4958,"","S",FALSE,"Sin cabina","adult","2","3","alone","alone","alone"
76,0,"3","male",25,0,0,7.65,"F G73","S",FALSE,"Con cabina","adult","1","3","alone","alone","alone"
77,0,"3","male",24,0,0,7.8958,"","S",TRUE,"Sin cabina","adult","1","3","alone","alone","alone"
78,0,"3","male",24,0,0,8.05,"","S",TRUE,"Sin cabina","adult","2","3","alone","alone","alone"
81,0,"3","male",22,0,0,9,"","S",FALSE,"Sin cabina","adult","2","3","alone","alone","alone"
82,1,"3","male",29,0,0,9.5,"","S",FALSE,"Sin cabina","adult","2","3","alone","alone","alone"
87,0,"3","male",16,1,3,34.375,"","S",FALSE,"Sin cabina","teenager","2","3","sibs","parch","family"
88,0,"3","male",24,0,0,8.05,"","S",TRUE,"Sin cabina","adult","2","3","alone","alone","alone"
90,0,"3","male",24,0,0,8.05,"","S",FALSE,"Sin cabina","adult","2","3","alone","alone","alone"
91,0,"3","male",29,0,0,8.05,"","S",FALSE,"Sin cabina","adult","2","3","alone","alone","alone"
92,0,"3","male",20,0,0,7.8542,"","S",FALSE,"Sin cabina","adult","1","3","alone","alone","alone"
94,0,"3","male",26,1,2,20.575,"","S",FALSE,"Sin cabina","adult","2","3","sibs","parch","family"
95,0,"3","male",59,0,0,7.25,"","S",FALSE,"Sin cabina","adult","1","3","alone","alone","alone"
96,0,"3","male",24,0,0,8.05,"","S",TRUE,"Sin cabina","adult","2","3","alone","alone","alone"
102,0,"3","male",24,0,0,7.8958,"","S",TRUE,"Sin cabina","adult","1","3","alone","alone","alone"
104,0,"3","male",33,0,0,8.6542,"","S",FALSE,"Sin cabina","adult","2","3","alone","alone","alone"
105,0,"3","male",37,2,0,7.925,"","S",FALSE,"Sin cabina","adult","1","3","sibs","alone","family"
106,0,"3","male",28,0,0,7.8958,"","S",FALSE,"Sin cabina","adult","1","3","alone","alone","alone"
108,1,"3","male",25,0,0,7.775,"","S",TRUE,"Sin cabina","adult","1","3","alone","alone","alone"
109,0,"3","male",38,0,0,7.8958,"","S",FALSE,"Sin cabina","adult","1","3","alone","alone","alone"
113,0,"3","male",22,0,0,8.05,"","S",FALSE,"Sin cabina","adult","2","3","alone","alone","alone"
116,0,"3","male",21,0,0,7.925,"","S",FALSE,"Sin cabina","adult","1","3","alone","alone","alone"
117,0,"3","male",70.5,0,0,7.75,"","Q",FALSE,"Sin cabina","adult","1","2","alone","alone","alone"
122,0,"3","male",28,0,0,8.05,"","S",TRUE,"Sin cabina","adult","2","3","alone","alone","alone"
126,1,"3","male",12,1,0,11.2417,"","C",FALSE,"Sin cabina","teenager","2","1","sibs","alone","family"
127,0,"3","male",33,0,0,7.75,"","Q",TRUE,"Sin cabina","adult","1","2","alone","alone","alone"
128,1,"3","male",24,0,0,7.1417,"","S",FALSE,"Sin cabina","adult","1","3","alone","alone","alone"
130,0,"3","male",45,0,0,6.975,"","S",FALSE,"Sin cabina","adult","1","3","alone","alone","alone"
131,0,"3","male",33,0,0,7.8958,"","C",FALSE,"Sin cabina","adult","1","1","alone","alone","alone"
132,0,"3","male",20,0,0,7.05,"","S",FALSE,"Sin cabina","adult","1","3","alone","alone","alone"
139,0,"3","male",16,0,0,9.2167,"","S",FALSE,"Sin cabina","teenager","2","3","alone","alone","alone"
144,0,"3","male",19,0,0,6.75,"","Q",FALSE,"Sin cabina","adult","1","2","alone","alone","alone"
147,1,"3","male",27,0,0,7.7958,"","S",FALSE,"Sin cabina","adult","1","3","alone","alone","alone"
153,0,"3","male",55.5,0,0,8.05,"","S",FALSE,"Sin cabina","adult","2","3","alone","alone","alone"
154,0,"3","male",40.5,0,2,14.5,"","S",FALSE,"Sin cabina","adult","2","3","alone","parch","family"
155,0,"3","male",22,0,0,7.3125,"","S",TRUE,"Sin cabina","adult","1","3","alone","alone","alone"
158,0,"3","male",30,0,0,8.05,"","S",FALSE,"Sin cabina","adult","2","3","alone","alone","alone"
159,0,"3","male",26,0,0,8.6625,"","S",TRUE,"Sin cabina","adult","2","3","alone","alone","alone"
160,0,"3","male",9,8,2,69.55,"","S",TRUE,"Sin cabina","kid","2","3","sibs","parch","family"
161,0,"3","male",44,0,1,16.1,"","S",FALSE,"Sin cabina","adult","2","3","alone","parch","family"
163,0,"3","male",26,0,0,7.775,"","S",FALSE,"Sin cabina","adult","1","3","alone","alone","alone"
164,0,"3","male",17,0,0,8.6625,"","S",FALSE,"Sin cabina","teenager","2","3","alone","alone","alone"
165,0,"3","male",1,4,1,39.6875,"","S",FALSE,"Sin cabina","kid","2","3","sibs","parch","family"
166,1,"3","male",9,0,2,20.525,"","S",FALSE,"Sin cabina","kid","2","3","alone","parch","family"
170,0,"3","male",28,0,0,56.4958,"","S",FALSE,"Sin cabina","adult","2","3","alone","alone","alone"
172,0,"3","male",4,4,1,29.125,"","Q",FALSE,"Sin cabina","kid","2","2","sibs","parch","family"
174,0,"3","male",21,0,0,7.925,"","S",FALSE,"Sin cabina","adult","1","3","alone","alone","alone"
176,0,"3","male",18,1,1,7.8542,"","S",FALSE,"Sin cabina","teenager","1","3","sibs","parch","family"
177,0,"3","male",16,3,1,25.4667,"","S",TRUE,"Sin cabina","teenager","2","3","sibs","parch","family"
180,0,"3","male",36,0,0,0,"","S",FALSE,"Sin cabina","adult","1","3","alone","alone","alone"
183,0,"3","male",9,4,2,31.3875,"","S",FALSE,"Sin cabina","kid","2","3","sibs","parch","family"
189,0,"3","male",40,1,1,15.5,"","Q",FALSE,"Sin cabina","adult","2","2","sibs","parch","family"
190,0,"3","male",36,0,0,7.8958,"","S",FALSE,"Sin cabina","adult","1","3","alone","alone","alone"
197,0,"3","male",36,0,0,7.75,"","Q",TRUE,"Sin cabina","adult","1","2","alone","alone","alone"
198,0,"3","male",42,0,1,8.4042,"","S",FALSE,"Sin cabina","adult","2","3","alone","parch","family"
201,0,"3","male",28,0,0,9.5,"","S",FALSE,"Sin cabina","adult","2","3","alone","alone","alone"
202,0,"3","male",9,8,2,69.55,"","S",TRUE,"Sin cabina","kid","2","3","sibs","parch","family"
203,0,"3","male",34,0,0,6.4958,"","S",FALSE,"Sin cabina","adult","1","3","alone","alone","alone"
204,0,"3","male",45.5,0,0,7.225,"","C",FALSE,"Sin cabina","adult","1","1","alone","alone","alone"
205,1,"3","male",18,0,0,8.05,"","S",FALSE,"Sin cabina","teenager","2","3","alone","alone","alone"
207,0,"3","male",32,1,0,15.85,"","S",FALSE,"Sin cabina","adult","2","3","sibs","alone","family"
208,1,"3","male",26,0,0,18.7875,"","C",FALSE,"Sin cabina","adult","2","1","alone","alone","alone"
211,0,"3","male",24,0,0,7.05,"","S",FALSE,"Sin cabina","adult","1","3","alone","alone","alone"
213,0,"3","male",22,0,0,7.25,"","S",FALSE,"Sin cabina","adult","1","3","alone","alone","alone"
215,0,"3","male",31,1,0,7.75,"","Q",TRUE,"Sin cabina","adult","1","2","sibs","alone","family"
221,1,"3","male",16,0,0,8.05,"","S",FALSE,"Sin cabina","teenager","2","3","alone","alone","alone"
223,0,"3","male",51,0,0,8.05,"","S",FALSE,"Sin cabina","adult","2","3","alone","alone","alone"
224,0,"3","male",24,0,0,7.8958,"","S",TRUE,"Sin cabina","adult","1","3","alone","alone","alone"
226,0,"3","male",22,0,0,9.35,"","S",FALSE,"Sin cabina","adult","2","3","alone","alone","alone"
228,0,"3","male",20.5,0,0,7.25,"","S",FALSE,"Sin cabina","adult","1","3","alone","alone","alone"
232,0,"3","male",29,0,0,7.775,"","S",FALSE,"Sin cabina","adult","1","3","alone","alone","alone"
244,0,"3","male",22,0,0,7.125,"","S",FALSE,"Sin cabina","adult","1","3","alone","alone","alone"
245,0,"3","male",30,0,0,7.225,"","C",FALSE,"Sin cabina","adult","1","1","alone","alone","alone"
251,0,"3","male",24,0,0,7.25,"","S",TRUE,"Sin cabina","adult","1","3","alone","alone","alone"
254,0,"3","male",30,1,0,16.1,"","S",FALSE,"Sin cabina","adult","2","3","sibs","alone","family"
261,0,"3","male",31,0,0,7.75,"","Q",TRUE,"Sin cabina","adult","1","2","alone","alone","alone"
262,1,"3","male",3,4,2,31.3875,"","S",FALSE,"Sin cabina","kid","2","3","sibs","parch","family"
267,0,"3","male",16,4,1,39.6875,"","S",FALSE,"Sin cabina","teenager","2","3","sibs","parch","family"
268,1,"3","male",25,1,0,7.775,"","S",FALSE,"Sin cabina","adult","1","3","sibs","alone","family"
272,1,"3","male",25,0,0,0,"","S",FALSE,"Sin cabina","adult","1","3","alone","alone","alone"
279,0,"3","male",7,4,1,29.125,"","Q",FALSE,"Sin cabina","kid","2","2","sibs","parch","family"
281,0,"3","male",65,0,0,7.75,"","Q",FALSE,"Sin cabina","adult","1","2","alone","alone","alone"
282,0,"3","male",28,0,0,7.8542,"","S",FALSE,"Sin cabina","adult","1","3","alone","alone","alone"
283,0,"3","male",16,0,0,9.5,"","S",FALSE,"Sin cabina","teenager","2","3","alone","alone","alone"
284,1,"3","male",19,0,0,8.05,"","S",FALSE,"Sin cabina","adult","2","3","alone","alone","alone"
286,0,"3","male",33,0,0,8.6625,"","C",FALSE,"Sin cabina","adult","2","1","alone","alone","alone"
287,1,"3","male",30,0,0,9.5,"","S",FALSE,"Sin cabina","adult","2","3","alone","alone","alone"
288,0,"3","male",22,0,0,7.8958,"","S",FALSE,"Sin cabina","adult","1","3","alone","alone","alone"
295,0,"3","male",24,0,0,7.8958,"","S",FALSE,"Sin cabina","adult","1","3","alone","alone","alone"
297,0,"3","male",23.5,0,0,7.2292,"","C",FALSE,"Sin cabina","adult","1","1","alone","alone","alone"
302,1,"3","male",25,2,0,23.25,"","Q",TRUE,"Sin cabina","adult","2","2","sibs","alone","family"
303,0,"3","male",19,0,0,0,"","S",FALSE,"Sin cabina","adult","1","3","alone","alone","alone"
305,0,"3","male",24,0,0,8.05,"","S",TRUE,"Sin cabina","adult","2","3","alone","alone","alone"
314,0,"3","male",28,0,0,7.8958,"","S",FALSE,"Sin cabina","adult","1","3","alone","alone","alone"
321,0,"3","male",22,0,0,7.25,"","S",FALSE,"Sin cabina","adult","1","3","alone","alone","alone"
322,0,"3","male",27,0,0,7.8958,"","S",FALSE,"Sin cabina","adult","1","3","alone","alone","alone"
325,0,"3","male",9,8,2,69.55,"","S",TRUE,"Sin cabina","kid","2","3","sibs","parch","family"
327,0,"3","male",61,0,0,6.2375,"","S",FALSE,"Sin cabina","adult","1","3","alone","alone","alone"
334,0,"3","male",16,2,0,18,"","S",FALSE,"Sin cabina","teenager","2","3","sibs","alone","family"
336,0,"3","male",28,0,0,7.8958,"","S",TRUE,"Sin cabina","adult","1","3","alone","alone","alone"
339,1,"3","male",45,0,0,8.05,"","S",FALSE,"Sin cabina","adult","2","3","alone","alone","alone"
349,1,"3","male",3,1,1,15.9,"","S",FALSE,"Sin cabina","kid","2","3","sibs","parch","family"
350,0,"3","male",42,0,0,8.6625,"","S",FALSE,"Sin cabina","adult","2","3","alone","alone","alone"
351,0,"3","male",23,0,0,9.225,"","S",FALSE,"Sin cabina","adult","2","3","alone","alone","alone"
353,0,"3","male",15,1,1,7.2292,"","C",FALSE,"Sin cabina","teenager","1","1","sibs","parch","family"
354,0,"3","male",25,1,0,17.8,"","S",FALSE,"Sin cabina","adult","2","3","sibs","alone","family"
355,0,"3","male",28.5,0,0,7.225,"","C",TRUE,"Sin cabina","adult","1","1","alone","alone","alone"
356,0,"3","male",28,0,0,9.5,"","S",FALSE,"Sin cabina","adult","2","3","alone","alone","alone"
361,0,"3","male",40,1,4,27.9,"","S",FALSE,"Sin cabina","adult","2","3","sibs","parch","family"
364,0,"3","male",35,0,0,7.05,"","S",FALSE,"Sin cabina","adult","1","3","alone","alone","alone"
365,0,"3","male",31,1,0,15.5,"","Q",TRUE,"Sin cabina","adult","2","2","sibs","alone","family"
366,0,"3","male",30,0,0,7.25,"","S",FALSE,"Sin cabina","adult","1","3","alone","alone","alone"
372,0,"3","male",18,1,0,6.4958,"","S",FALSE,"Sin cabina","teenager","1","3","sibs","alone","family"
373,0,"3","male",19,0,0,8.05,"","S",FALSE,"Sin cabina","adult","2","3","alone","alone","alone"
379,0,"3","male",20,0,0,4.0125,"","C",FALSE,"Sin cabina","adult","1","1","alone","alone","alone"
380,0,"3","male",19,0,0,7.775,"","S",FALSE,"Sin cabina","adult","1","3","alone","alone","alone"
383,0,"3","male",32,0,0,7.925,"","S",FALSE,"Sin cabina","adult","1","3","alone","alone","alone"
385,0,"3","male",29,0,0,7.8958,"","S",TRUE,"Sin cabina","adult","1","3","alone","alone","alone"
387,0,"3","male",1,5,2,46.9,"","S",FALSE,"Sin cabina","kid","2","3","sibs","parch","family"
389,0,"3","male",32,0,0,7.7292,"","Q",TRUE,"Sin cabina","adult","1","2","alone","alone","alone"
392,1,"3","male",21,0,0,7.7958,"","S",FALSE,"Sin cabina","adult","1","3","alone","alone","alone"
393,0,"3","male",28,2,0,7.925,"","S",FALSE,"Sin cabina","adult","1","3","sibs","alone","family"
396,0,"3","male",22,0,0,7.7958,"","S",FALSE,"Sin cabina","adult","1","3","alone","alone","alone"
401,1,"3","male",39,0,0,7.925,"","S",FALSE,"Sin cabina","adult","1","3","alone","alone","alone"
402,0,"3","male",26,0,0,8.05,"","S",FALSE,"Sin cabina","adult","2","3","alone","alone","alone"
404,0,"3","male",28,1,0,15.85,"","S",FALSE,"Sin cabina","adult","2","3","sibs","alone","family"
407,0,"3","male",51,0,0,7.75,"","S",FALSE,"Sin cabina","adult","1","3","alone","alone","alone"
409,0,"3","male",21,0,0,7.775,"","S",FALSE,"Sin cabina","adult","1","3","alone","alone","alone"
411,0,"3","male",22,0,0,7.8958,"","S",TRUE,"Sin cabina","adult","1","3","alone","alone","alone"
412,0,"3","male",32,0,0,6.8583,"","Q",TRUE,"Sin cabina","adult","1","2","alone","alone","alone"
415,1,"3","male",44,0,0,7.925,"","S",FALSE,"Sin cabina","adult","1","3","alone","alone","alone"
421,0,"3","male",28.5,0,0,7.8958,"","C",TRUE,"Sin cabina","adult","1","1","alone","alone","alone"
422,0,"3","male",21,0,0,7.7333,"","Q",FALSE,"Sin cabina","adult","1","2","alone","alone","alone"
423,0,"3","male",29,0,0,7.875,"","S",FALSE,"Sin cabina","adult","1","3","alone","alone","alone"
425,0,"3","male",18,1,1,20.2125,"","S",FALSE,"Sin cabina","teenager","2","3","sibs","parch","family"
426,0,"3","male",26,0,0,7.25,"","S",TRUE,"Sin cabina","adult","1","3","alone","alone","alone"
429,0,"3","male",31,0,0,7.75,"","Q",TRUE,"Sin cabina","adult","1","2","alone","alone","alone"
430,1,"3","male",32,0,0,8.05,"E10","S",FALSE,"Con cabina","adult","2","3","alone","alone","alone"
434,0,"3","male",17,0,0,7.125,"","S",FALSE,"Sin cabina","teenager","1","3","alone","alone","alone"
442,0,"3","male",20,0,0,9.5,"","S",FALSE,"Sin cabina","adult","2","3","alone","alone","alone"
443,0,"3","male",25,1,0,7.775,"","S",FALSE,"Sin cabina","adult","1","3","sibs","alone","family"
445,1,"3","male",30,0,0,8.1125,"","S",TRUE,"Sin cabina","adult","2","3","alone","alone","alone"
452,0,"3","male",25,1,0,19.9667,"","S",TRUE,"Sin cabina","adult","2","3","sibs","alone","family"
455,0,"3","male",29,0,0,8.05,"","S",TRUE,"Sin cabina","adult","2","3","alone","alone","alone"
456,1,"3","male",29,0,0,7.8958,"","C",FALSE,"Sin cabina","adult","1","1","alone","alone","alone"
460,0,"3","male",34,0,0,7.75,"","Q",TRUE,"Sin cabina","adult","1","2","alone","alone","alone"
462,0,"3","male",34,0,0,8.05,"","S",FALSE,"Sin cabina","adult","2","3","alone","alone","alone"
465,0,"3","male",24,0,0,8.05,"","S",TRUE,"Sin cabina","adult","2","3","alone","alone","alone"
466,0,"3","male",38,0,0,7.05,"","S",FALSE,"Sin cabina","adult","1","3","alone","alone","alone"
469,0,"3","male",34,0,0,7.725,"","Q",TRUE,"Sin cabina","adult","1","2","alone","alone","alone"
471,0,"3","male",24,0,0,7.25,"","S",TRUE,"Sin cabina","adult","1","3","alone","alone","alone"
472,0,"3","male",38,0,0,8.6625,"","S",FALSE,"Sin cabina","adult","2","3","alone","alone","alone"
478,0,"3","male",29,1,0,7.0458,"","S",FALSE,"Sin cabina","adult","1","3","sibs","alone","family"
479,0,"3","male",22,0,0,7.5208,"","S",FALSE,"Sin cabina","adult","1","3","alone","alone","alone"
481,0,"3","male",9,5,2,46.9,"","S",FALSE,"Sin cabina","kid","2","3","sibs","parch","family"
483,0,"3","male",50,0,0,8.05,"","S",FALSE,"Sin cabina","adult","2","3","alone","alone","alone"
489,0,"3","male",30,0,0,8.05,"","S",FALSE,"Sin cabina","adult","2","3","alone","alone","alone"
490,1,"3","male",9,1,1,15.9,"","S",FALSE,"Sin cabina","kid","2","3","sibs","parch","family"
491,0,"3","male",28,1,0,19.9667,"","S",TRUE,"Sin cabina","adult","2","3","sibs","alone","family"
492,0,"3","male",21,0,0,7.25,"","S",FALSE,"Sin cabina","adult","1","3","alone","alone","alone"
495,0,"3","male",21,0,0,8.05,"","S",FALSE,"Sin cabina","adult","2","3","alone","alone","alone"
496,0,"3","male",27,0,0,14.4583,"","C",TRUE,"Sin cabina","adult","2","1","alone","alone","alone"
498,0,"3","male",24,0,0,15.1,"","S",TRUE,"Sin cabina","adult","2","3","alone","alone","alone"
500,0,"3","male",24,0,0,7.7958,"","S",FALSE,"Sin cabina","adult","1","3","alone","alone","alone"
501,0,"3","male",17,0,0,8.6625,"","S",FALSE,"Sin cabina","teenager","2","3","alone","alone","alone"
509,0,"3","male",28,0,0,22.525,"","S",FALSE,"Sin cabina","adult","2","3","alone","alone","alone"
510,1,"3","male",26,0,0,56.4958,"","S",FALSE,"Sin cabina","adult","2","3","alone","alone","alone"
511,1,"3","male",29,0,0,7.75,"","Q",FALSE,"Sin cabina","adult","1","2","alone","alone","alone"
512,0,"3","male",24,0,0,8.05,"","S",TRUE,"Sin cabina","adult","2","3","alone","alone","alone"
515,0,"3","male",24,0,0,7.4958,"","S",FALSE,"Sin cabina","adult","1","3","alone","alone","alone"
518,0,"3","male",31,0,0,24.15,"","Q",TRUE,"Sin cabina","adult","2","2","alone","alone","alone"
520,0,"3","male",32,0,0,7.8958,"","S",FALSE,"Sin cabina","adult","1","3","alone","alone","alone"
522,0,"3","male",22,0,0,7.8958,"","S",FALSE,"Sin cabina","adult","1","3","alone","alone","alone"
523,0,"3","male",30,0,0,7.225,"","C",TRUE,"Sin cabina","adult","1","1","alone","alone","alone"
525,0,"3","male",30,0,0,7.2292,"","C",TRUE,"Sin cabina","adult","1","1","alone","alone","alone"
526,0,"3","male",40.5,0,0,7.75,"","Q",FALSE,"Sin cabina","adult","1","2","alone","alone","alone"
529,0,"3","male",39,0,0,7.925,"","S",FALSE,"Sin cabina","adult","1","3","alone","alone","alone"
532,0,"3","male",30,0,0,7.2292,"","C",TRUE,"Sin cabina","adult","1","1","alone","alone","alone"
533,0,"3","male",17,1,1,7.2292,"","C",FALSE,"Sin cabina","teenager","1","1","sibs","parch","family"
539,0,"3","male",22,0,0,14.5,"","S",TRUE,"Sin cabina","adult","2","3","alone","alone","alone"
549,0,"3","male",33,1,1,20.525,"","S",FALSE,"Sin cabina","adult","2","3","sibs","parch","family"
553,0,"3","male",32,0,0,7.8292,"","Q",TRUE,"Sin cabina","adult","1","2","alone","alone","alone"
554,1,"3","male",22,0,0,7.225,"","C",FALSE,"Sin cabina","adult","1","1","alone","alone","alone"
561,0,"3","male",32,0,0,7.75,"","Q",TRUE,"Sin cabina","adult","1","2","alone","alone","alone"
562,0,"3","male",40,0,0,7.8958,"","S",FALSE,"Sin cabina","adult","1","3","alone","alone","alone"
564,0,"3","male",32,0,0,8.05,"","S",TRUE,"Sin cabina","adult","2","3","alone","alone","alone"
566,0,"3","male",24,2,0,24.15,"","S",FALSE,"Sin cabina","adult","2","3","sibs","alone","family"
567,0,"3","male",19,0,0,7.8958,"","S",FALSE,"Sin cabina","adult","1","3","alone","alone","alone"
569,0,"3","male",30,0,0,7.2292,"","C",TRUE,"Sin cabina","adult","1","1","alone","alone","alone"
570,1,"3","male",32,0,0,7.8542,"","S",FALSE,"Sin cabina","adult","1","3","alone","alone","alone"
575,0,"3","male",16,0,0,8.05,"","S",FALSE,"Sin cabina","teenager","2","3","alone","alone","alone"
576,0,"3","male",19,0,0,14.5,"","S",FALSE,"Sin cabina","adult","2","3","alone","alone","alone"
580,1,"3","male",32,0,0,7.925,"","S",FALSE,"Sin cabina","adult","1","3","alone","alone","alone"
585,0,"3","male",30,0,0,8.7125,"","C",TRUE,"Sin cabina","adult","2","1","alone","alone","alone"
589,0,"3","male",22,0,0,8.05,"","S",FALSE,"Sin cabina","adult","2","3","alone","alone","alone"
590,0,"3","male",30,0,0,8.05,"","S",TRUE,"Sin cabina","adult","2","3","alone","alone","alone"
591,0,"3","male",35,0,0,7.125,"","S",FALSE,"Sin cabina","adult","1","3","alone","alone","alone"
593,0,"3","male",47,0,0,7.25,"","S",FALSE,"Sin cabina","adult","1","3","alone","alone","alone"
596,0,"3","male",36,1,1,24.15,"","S",FALSE,"Sin cabina","adult","2","3","sibs","parch","family"
598,0,"3","male",49,0,0,0,"","S",FALSE,"Sin cabina","adult","1","3","alone","alone","alone"
599,0,"3","male",30,0,0,7.225,"","C",TRUE,"Sin cabina","adult","1","1","alone","alone","alone"
602,0,"3","male",30,0,0,7.8958,"","S",TRUE,"Sin cabina","adult","1","3","alone","alone","alone"
604,0,"3","male",44,0,0,8.05,"","S",FALSE,"Sin cabina","adult","2","3","alone","alone","alone"
606,0,"3","male",36,1,0,15.55,"","S",FALSE,"Sin cabina","adult","2","3","sibs","alone","family"
607,0,"3","male",30,0,0,7.8958,"","S",FALSE,"Sin cabina","adult","1","3","alone","alone","alone"
612,0,"3","male",32,0,0,7.05,"","S",TRUE,"Sin cabina","adult","1","3","alone","alone","alone"
614,0,"3","male",32,0,0,7.75,"","Q",TRUE,"Sin cabina","adult","1","2","alone","alone","alone"
615,0,"3","male",35,0,0,8.05,"","S",FALSE,"Sin cabina","adult","2","3","alone","alone","alone"
617,0,"3","male",34,1,1,14.4,"","S",FALSE,"Sin cabina","adult","2","3","sibs","parch","family"
621,0,"3","male",27,1,0,14.4542,"","C",FALSE,"Sin cabina","adult","2","1","sibs","alone","family"
623,1,"3","male",20,1,1,15.7417,"","C",FALSE,"Sin cabina","adult","2","1","sibs","parch","family"
624,0,"3","male",21,0,0,7.8542,"","S",FALSE,"Sin cabina","adult","1","3","alone","alone","alone"
625,0,"3","male",21,0,0,16.1,"","S",FALSE,"Sin cabina","adult","2","3","alone","alone","alone"
629,0,"3","male",26,0,0,7.8958,"","S",FALSE,"Sin cabina","adult","1","3","alone","alone","alone"
630,0,"3","male",31,0,0,7.7333,"","Q",TRUE,"Sin cabina","adult","1","2","alone","alone","alone"
632,0,"3","male",51,0,0,7.0542,"","S",FALSE,"Sin cabina","adult","1","3","alone","alone","alone"
637,0,"3","male",32,0,0,7.925,"","S",FALSE,"Sin cabina","adult","1","3","alone","alone","alone"
640,0,"3","male",24,1,0,16.1,"","S",TRUE,"Sin cabina","adult","2","3","sibs","alone","family"
641,0,"3","male",20,0,0,7.8542,"","S",FALSE,"Sin cabina","adult","1","3","alone","alone","alone"
644,1,"3","male",32,0,0,56.4958,"","S",TRUE,"Sin cabina","adult","2","3","alone","alone","alone"
647,0,"3","male",19,0,0,7.8958,"","S",FALSE,"Sin cabina","adult","1","3","alone","alone","alone"
649,0,"3","male",24.5,0,0,7.55,"","S",TRUE,"Sin cabina","adult","1","3","alone","alone","alone"
651,0,"3","male",24.5,0,0,7.8958,"","S",TRUE,"Sin cabina","adult","1","3","alone","alone","alone"
653,0,"3","male",21,0,0,8.4333,"","S",FALSE,"Sin cabina","adult","2","3","alone","alone","alone"
657,0,"3","male",21,0,0,7.8958,"","S",TRUE,"Sin cabina","adult","1","3","alone","alone","alone"
662,0,"3","male",40,0,0,7.225,"","C",FALSE,"Sin cabina","adult","1","1","alone","alone","alone"
664,0,"3","male",36,0,0,7.4958,"","S",FALSE,"Sin cabina","adult","1","3","alone","alone","alone"
665,1,"3","male",20,1,0,7.925,"","S",FALSE,"Sin cabina","adult","1","3","sibs","alone","family"
668,0,"3","male",21,0,0,7.775,"","S",TRUE,"Sin cabina","adult","1","3","alone","alone","alone"
669,0,"3","male",43,0,0,8.05,"","S",FALSE,"Sin cabina","adult","2","3","alone","alone","alone"
676,0,"3","male",18,0,0,7.775,"","S",FALSE,"Sin cabina","teenager","1","3","alone","alone","alone"
677,0,"3","male",24.5,0,0,8.05,"","S",FALSE,"Sin cabina","adult","2","3","alone","alone","alone"
683,0,"3","male",20,0,0,9.225,"","S",FALSE,"Sin cabina","adult","2","3","alone","alone","alone"
684,0,"3","male",14,5,2,46.9,"","S",FALSE,"Sin cabina","teenager","2","3","sibs","parch","family"
687,0,"3","male",14,4,1,39.6875,"","S",FALSE,"Sin cabina","teenager","2","3","sibs","parch","family"
688,0,"3","male",19,0,0,10.1708,"","S",FALSE,"Sin cabina","adult","2","3","alone","alone","alone"
689,0,"3","male",18,0,0,7.7958,"","S",FALSE,"Sin cabina","teenager","1","3","alone","alone","alone"
693,1,"3","male",32,0,0,56.4958,"","S",TRUE,"Sin cabina","adult","2","3","alone","alone","alone"
694,0,"3","male",25,0,0,7.225,"","C",FALSE,"Sin cabina","adult","1","1","alone","alone","alone"
697,0,"3","male",44,0,0,8.05,"","S",FALSE,"Sin cabina","adult","2","3","alone","alone","alone"
700,0,"3","male",42,0,0,7.65,"F G63","S",FALSE,"Con cabina","adult","1","3","alone","alone","alone"
704,0,"3","male",25,0,0,7.7417,"","Q",FALSE,"Sin cabina","adult","1","2","alone","alone","alone"
705,0,"3","male",26,1,0,7.8542,"","S",FALSE,"Sin cabina","adult","1","3","sibs","alone","family"
710,1,"3","male",20,1,1,15.2458,"","C",TRUE,"Sin cabina","adult","2","1","sibs","parch","family"
714,0,"3","male",29,0,0,9.4833,"","S",FALSE,"Sin cabina","adult","2","3","alone","alone","alone"
716,0,"3","male",19,0,0,7.65,"F G73","S",FALSE,"Con cabina","adult","1","3","alone","alone","alone"
719,0,"3","male",31,0,0,15.5,"","Q",TRUE,"Sin cabina","adult","2","2","alone","alone","alone"
720,0,"3","male",33,0,0,7.775,"","S",FALSE,"Sin cabina","adult","1","3","alone","alone","alone"
722,0,"3","male",17,1,0,7.0542,"","S",FALSE,"Sin cabina","teenager","1","3","sibs","alone","family"
726,0,"3","male",20,0,0,8.6625,"","S",FALSE,"Sin cabina","adult","2","3","alone","alone","alone"
732,0,"3","male",11,0,0,18.7875,"","C",FALSE,"Sin cabina","teenager","2","1","alone","alone","alone"
736,0,"3","male",28.5,0,0,16.1,"","S",FALSE,"Sin cabina","adult","2","3","alone","alone","alone"
739,0,"3","male",32,0,0,7.8958,"","S",TRUE,"Sin cabina","adult","1","3","alone","alone","alone"
740,0,"3","male",32,0,0,7.8958,"","S",TRUE,"Sin cabina","adult","1","3","alone","alone","alone"
744,0,"3","male",24,1,0,16.1,"","S",FALSE,"Sin cabina","adult","2","3","sibs","alone","family"
745,1,"3","male",31,0,0,7.925,"","S",FALSE,"Sin cabina","adult","1","3","alone","alone","alone"
747,0,"3","male",16,1,1,20.25,"","S",FALSE,"Sin cabina","teenager","2","3","sibs","parch","family"
750,0,"3","male",31,0,0,7.75,"","Q",FALSE,"Sin cabina","adult","1","2","alone","alone","alone"
752,1,"3","male",6,0,1,12.475,"E121","S",FALSE,"Con cabina","kid","2","3","alone","parch","family"
753,0,"3","male",33,0,0,9.5,"","S",FALSE,"Sin cabina","adult","2","3","alone","alone","alone"
754,0,"3","male",23,0,0,7.8958,"","S",FALSE,"Sin cabina","adult","1","3","alone","alone","alone"
757,0,"3","male",28,0,0,7.7958,"","S",FALSE,"Sin cabina","adult","1","3","alone","alone","alone"
759,0,"3","male",34,0,0,8.05,"","S",FALSE,"Sin cabina","adult","2","3","alone","alone","alone"
761,0,"3","male",28.5,0,0,14.5,"","S",TRUE,"Sin cabina","adult","2","3","alone","alone","alone"
762,0,"3","male",41,0,0,7.125,"","S",FALSE,"Sin cabina","adult","1","3","alone","alone","alone"
763,1,"3","male",20,0,0,7.2292,"","C",FALSE,"Sin cabina","adult","1","1","alone","alone","alone"
765,0,"3","male",16,0,0,7.775,"","S",FALSE,"Sin cabina","teenager","1","3","alone","alone","alone"
769,0,"3","male",31,1,0,24.15,"","Q",TRUE,"Sin cabina","adult","2","2","sibs","alone","family"
770,0,"3","male",32,0,0,8.3625,"","S",FALSE,"Sin cabina","adult","2","3","alone","alone","alone"
771,0,"3","male",24,0,0,9.5,"","S",FALSE,"Sin cabina","adult","2","3","alone","alone","alone"
772,0,"3","male",48,0,0,7.8542,"","S",FALSE,"Sin cabina","adult","1","3","alone","alone","alone"
774,0,"3","male",30,0,0,7.225,"","C",TRUE,"Sin cabina","adult","1","1","alone","alone","alone"
776,0,"3","male",18,0,0,7.75,"","S",FALSE,"Sin cabina","teenager","1","3","alone","alone","alone"
777,0,"3","male",31,0,0,7.75,"F38","Q",TRUE,"Con cabina","adult","1","2","alone","alone","alone"
779,0,"3","male",31,0,0,7.7375,"","Q",TRUE,"Sin cabina","adult","1","2","alone","alone","alone"
784,0,"3","male",24,1,2,23.45,"","S",TRUE,"Sin cabina","adult","2","3","sibs","parch","family"
785,0,"3","male",25,0,0,7.05,"","S",FALSE,"Sin cabina","adult","1","3","alone","alone","alone"
786,0,"3","male",25,0,0,7.25,"","S",FALSE,"Sin cabina","adult","1","3","alone","alone","alone"
788,0,"3","male",8,4,1,29.125,"","Q",FALSE,"Sin cabina","kid","2","2","sibs","parch","family"
789,1,"3","male",1,1,2,20.575,"","S",FALSE,"Sin cabina","kid","2","3","sibs","parch","family"
791,0,"3","male",25,0,0,7.75,"","Q",TRUE,"Sin cabina","adult","1","2","alone","alone","alone"
795,0,"3","male",25,0,0,7.8958,"","S",FALSE,"Sin cabina","adult","1","3","alone","alone","alone"
799,0,"3","male",30,0,0,7.2292,"","C",FALSE,"Sin cabina","adult","1","1","alone","alone","alone"
804,1,"3","male",0.42,0,1,8.5167,"","C",FALSE,"Sin cabina","kid","2","1","alone","parch","family"
805,1,"3","male",27,0,0,6.975,"","S",FALSE,"Sin cabina","adult","1","3","alone","alone","alone"
806,0,"3","male",31,0,0,7.775,"","S",FALSE,"Sin cabina","adult","1","3","alone","alone","alone"
811,0,"3","male",26,0,0,7.8875,"","S",FALSE,"Sin cabina","adult","1","3","alone","alone","alone"
812,0,"3","male",39,0,0,24.15,"","S",FALSE,"Sin cabina","adult","2","3","alone","alone","alone"
815,0,"3","male",30.5,0,0,8.05,"","S",FALSE,"Sin cabina","adult","2","3","alone","alone","alone"
819,0,"3","male",43,0,0,6.45,"","S",FALSE,"Sin cabina","adult","1","3","alone","alone","alone"
820,0,"3","male",10,3,2,27.9,"","S",FALSE,"Sin cabina","kid","2","3","sibs","parch","family"
822,1,"3","male",27,0,0,8.6625,"","S",FALSE,"Sin cabina","adult","2","3","alone","alone","alone"
825,0,"3","male",2,4,1,39.6875,"","S",FALSE,"Sin cabina","kid","2","3","sibs","parch","family"
826,0,"3","male",32,0,0,6.95,"","Q",TRUE,"Sin cabina","adult","1","2","alone","alone","alone"
827,0,"3","male",26,0,0,56.4958,"","S",TRUE,"Sin cabina","adult","2","3","alone","alone","alone"
829,1,"3","male",29,0,0,7.75,"","Q",TRUE,"Sin cabina","adult","1","2","alone","alone","alone"
833,0,"3","male",30,0,0,7.2292,"","C",TRUE,"Sin cabina","adult","1","1","alone","alone","alone"
834,0,"3","male",23,0,0,7.8542,"","S",FALSE,"Sin cabina","adult","1","3","alone","alone","alone"
835,0,"3","male",18,0,0,8.3,"","S",FALSE,"Sin cabina","teenager","2","3","alone","alone","alone"
837,0,"3","male",21,0,0,8.6625,"","S",FALSE,"Sin cabina","adult","2","3","alone","alone","alone"
838,0,"3","male",26,0,0,8.05,"","S",TRUE,"Sin cabina","adult","2","3","alone","alone","alone"
839,1,"3","male",32,0,0,56.4958,"","S",FALSE,"Sin cabina","adult","2","3","alone","alone","alone"
841,0,"3","male",20,0,0,7.925,"","S",FALSE,"Sin cabina","adult","1","3","alone","alone","alone"
844,0,"3","male",34.5,0,0,6.4375,"","C",FALSE,"Sin cabina","adult","1","1","alone","alone","alone"
845,0,"3","male",17,0,0,8.6625,"","S",FALSE,"Sin cabina","teenager","2","3","alone","alone","alone"
846,0,"3","male",42,0,0,7.55,"","S",FALSE,"Sin cabina","adult","1","3","alone","alone","alone"
847,0,"3","male",9,8,2,69.55,"","S",TRUE,"Sin cabina","kid","2","3","sibs","parch","family"
848,0,"3","male",35,0,0,7.8958,"","C",FALSE,"Sin cabina","adult","1","1","alone","alone","alone"
851,0,"3","male",4,4,2,31.275,"","S",FALSE,"Sin cabina","kid","2","3","sibs","parch","family"
852,0,"3","male",74,0,0,7.775,"","S",FALSE,"Sin cabina","adult","1","3","alone","alone","alone"
860,0,"3","male",30,0,0,7.2292,"","C",TRUE,"Sin cabina","adult","1","1","alone","alone","alone"
861,0,"3","male",41,2,0,14.1083,"","S",FALSE,"Sin cabina","adult","2","3","sibs","alone","family"
869,0,"3","male",25,0,0,9.5,"","S",TRUE,"Sin cabina","adult","2","3","alone","alone","alone"
870,1,"3","male",4,1,1,11.1333,"","S",FALSE,"Sin cabina","kid","2","3","sibs","parch","family"
871,0,"3","male",26,0,0,7.8958,"","S",FALSE,"Sin cabina","adult","1","3","alone","alone","alone"
874,0,"3","male",47,0,0,9,"","S",FALSE,"Sin cabina","adult","2","3","alone","alone","alone"
877,0,"3","male",20,0,0,9.8458,"","S",FALSE,"Sin cabina","adult","2","3","alone","alone","alone"
878,0,"3","male",19,0,0,7.8958,"","S",FALSE,"Sin cabina","adult","1","3","alone","alone","alone"
879,0,"3","male",25,0,0,7.8958,"","S",TRUE,"Sin cabina","adult","1","3","alone","alone","alone"
882,0,"3","male",33,0,0,7.8958,"","S",FALSE,"Sin cabina","adult","1","3","alone","alone","alone"
885,0,"3","male",25,0,0,7.05,"","S",FALSE,"Sin cabina","adult","1","3","alone","alone","alone"
891,0,"3","male",32,0,0,7.75,"","Q",FALSE,"Sin cabina","adult","1","2","alone","alone","alone"
3,1,"3","female",26,0,0,7.925,"","S",FALSE,"Sin cabina","adult","1","3","alone","alone","alone"
9,1,"3","female",27,0,2,11.1333,"","S",FALSE,"Sin cabina","adult","2","3","alone","parch","family"
11,1,"3","female",4,1,1,16.7,"G6","S",FALSE,"Con cabina","kid","2","3","sibs","parch","family"
15,0,"3","female",14,0,0,7.8542,"","S",FALSE,"Sin cabina","teenager","1","3","alone","alone","alone"
19,0,"3","female",31,1,0,18,"","S",FALSE,"Sin cabina","adult","2","3","sibs","alone","family"
20,1,"3","female",15,0,0,7.225,"","C",TRUE,"Sin cabina","teenager","1","1","alone","alone","alone"
23,1,"3","female",15,0,0,8.0292,"","Q",FALSE,"Sin cabina","teenager","2","2","alone","alone","alone"
25,0,"3","female",8,3,1,21.075,"","S",FALSE,"Sin cabina","kid","2","3","sibs","parch","family"
26,1,"3","female",38,1,5,31.3875,"","S",FALSE,"Sin cabina","adult","2","3","sibs","parch","family"
29,1,"3","female",21,0,0,7.8792,"","Q",TRUE,"Sin cabina","adult","1","2","alone","alone","alone"
33,1,"3","female",21,0,0,7.75,"","Q",TRUE,"Sin cabina","adult","1","2","alone","alone","alone"
39,0,"3","female",18,2,0,18,"","S",FALSE,"Sin cabina","teenager","2","3","sibs","alone","family"
40,1,"3","female",14,1,0,11.2417,"","C",FALSE,"Sin cabina","teenager","2","1","sibs","alone","family"
41,0,"3","female",40,1,0,9.475,"","S",FALSE,"Sin cabina","adult","2","3","sibs","alone","family"
45,1,"3","female",19,0,0,7.8792,"","Q",FALSE,"Sin cabina","adult","1","2","alone","alone","alone"
48,1,"3","female",21,0,0,7.75,"","Q",TRUE,"Sin cabina","adult","1","2","alone","alone","alone"
50,0,"3","female",18,1,0,17.8,"","S",FALSE,"Sin cabina","teenager","2","3","sibs","alone","family"
69,1,"3","female",17,4,2,7.925,"","S",FALSE,"Sin cabina","teenager","1","3","sibs","parch","family"
72,0,"3","female",16,5,2,46.9,"","S",FALSE,"Sin cabina","teenager","2","3","sibs","parch","family"
80,1,"3","female",30,0,0,12.475,"","S",FALSE,"Sin cabina","adult","2","3","alone","alone","alone"
83,1,"3","female",21,0,0,7.7875,"","Q",TRUE,"Sin cabina","adult","1","2","alone","alone","alone"
86,1,"3","female",33,3,0,15.85,"","S",FALSE,"Sin cabina","adult","2","3","sibs","alone","family"
101,0,"3","female",28,0,0,7.8958,"","S",FALSE,"Sin cabina","adult","1","3","alone","alone","alone"
107,1,"3","female",21,0,0,7.65,"","S",FALSE,"Sin cabina","adult","1","3","alone","alone","alone"
110,1,"3","female",19,1,0,24.15,"","Q",TRUE,"Sin cabina","adult","2","2","sibs","alone","family"
112,0,"3","female",14.5,1,0,14.4542,"","C",FALSE,"Sin cabina","teenager","2","1","sibs","alone","family"
114,0,"3","female",20,1,0,9.825,"","S",FALSE,"Sin cabina","adult","2","3","sibs","alone","family"
115,0,"3","female",17,0,0,14.4583,"","C",FALSE,"Sin cabina","teenager","2","1","alone","alone","alone"
120,0,"3","female",2,4,2,31.275,"","S",FALSE,"Sin cabina","kid","2","3","sibs","parch","family"
129,1,"3","female",4,1,1,22.3583,"F E69","C",TRUE,"Con cabina","kid","2","1","sibs","parch","family"
133,0,"3","female",47,1,0,14.5,"","S",FALSE,"Sin cabina","adult","2","3","sibs","alone","family"
141,0,"3","female",18,0,2,15.2458,"","C",TRUE,"Sin cabina","teenager","2","1","alone","parch","family"
142,1,"3","female",22,0,0,7.75,"","S",FALSE,"Sin cabina","adult","1","3","alone","alone","alone"
143,1,"3","female",24,1,0,15.85,"","S",FALSE,"Sin cabina","adult","2","3","sibs","alone","family"
148,0,"3","female",9,2,2,34.375,"","S",FALSE,"Sin cabina","kid","2","3","sibs","parch","family"
157,1,"3","female",16,0,0,7.7333,"","Q",FALSE,"Sin cabina","teenager","1","2","alone","alone","alone"
168,0,"3","female",45,1,4,27.9,"","S",FALSE,"Sin cabina","adult","2","3","sibs","parch","family"
173,1,"3","female",1,1,1,11.1333,"","S",FALSE,"Sin cabina","kid","2","3","sibs","parch","family"
181,0,"3","female",9,8,2,69.55,"","S",TRUE,"Sin cabina","kid","2","3","sibs","parch","family"
185,1,"3","female",4,0,2,22.025,"","S",FALSE,"Sin cabina","kid","2","3","alone","parch","family"
187,1,"3","female",19,1,0,15.5,"","Q",TRUE,"Sin cabina","adult","2","2","sibs","alone","family"
193,1,"3","female",19,1,0,7.8542,"","S",FALSE,"Sin cabina","adult","1","3","sibs","alone","family"
199,1,"3","female",21,0,0,7.75,"","Q",TRUE,"Sin cabina","adult","1","2","alone","alone","alone"
206,0,"3","female",2,0,1,10.4625,"G6","S",FALSE,"Con cabina","kid","2","3","alone","parch","family"
209,1,"3","female",16,0,0,7.75,"","Q",FALSE,"Sin cabina","teenager","1","2","alone","alone","alone"
217,1,"3","female",27,0,0,7.925,"","S",FALSE,"Sin cabina","adult","1","3","alone","alone","alone"
230,0,"3","female",9,3,1,25.4667,"","S",TRUE,"Sin cabina","kid","2","3","sibs","parch","family"
234,1,"3","female",5,4,2,31.3875,"","S",FALSE,"Sin cabina","kid","2","3","sibs","parch","family"
236,0,"3","female",24,0,0,7.55,"","S",TRUE,"Sin cabina","adult","1","3","alone","alone","alone"
241,0,"3","female",20,1,0,14.4542,"","C",TRUE,"Sin cabina","adult","2","1","sibs","alone","family"
242,1,"3","female",19,1,0,15.5,"","Q",TRUE,"Sin cabina","adult","2","2","sibs","alone","family"
247,0,"3","female",25,0,0,7.775,"","S",FALSE,"Sin cabina","adult","1","3","alone","alone","alone"
252,0,"3","female",29,1,1,10.4625,"G6","S",FALSE,"Con cabina","adult","2","3","sibs","parch","family"
255,0,"3","female",41,0,2,20.2125,"","S",FALSE,"Sin cabina","adult","2","3","alone","parch","family"
256,1,"3","female",29,0,2,15.2458,"","C",FALSE,"Sin cabina","adult","2","1","alone","parch","family"
265,0,"3","female",24,0,0,7.75,"","Q",TRUE,"Sin cabina","adult","1","2","alone","alone","alone"
275,1,"3","female",21,0,0,7.75,"","Q",TRUE,"Sin cabina","adult","1","2","alone","alone","alone"
277,0,"3","female",45,0,0,7.75,"","S",FALSE,"Sin cabina","adult","1","3","alone","alone","alone"
280,1,"3","female",35,1,1,20.25,"","S",FALSE,"Sin cabina","adult","2","3","sibs","parch","family"
290,1,"3","female",22,0,0,7.75,"","Q",FALSE,"Sin cabina","adult","1","2","alone","alone","alone"
294,0,"3","female",24,0,0,8.85,"","S",FALSE,"Sin cabina","adult","2","3","alone","alone","alone"
301,1,"3","female",21,0,0,7.75,"","Q",TRUE,"Sin cabina","adult","1","2","alone","alone","alone"
316,1,"3","female",26,0,0,7.8542,"","S",FALSE,"Sin cabina","adult","1","3","alone","alone","alone"
329,1,"3","female",31,1,1,20.525,"","S",FALSE,"Sin cabina","adult","2","3","sibs","parch","family"
331,1,"3","female",19,2,0,23.25,"","Q",TRUE,"Sin cabina","adult","2","2","sibs","alone","family"
348,1,"3","female",27,1,0,16.1,"","S",TRUE,"Sin cabina","adult","2","3","sibs","alone","family"
359,1,"3","female",22,0,0,7.8792,"","Q",TRUE,"Sin cabina","adult","1","2","alone","alone","alone"
360,1,"3","female",22,0,0,7.8792,"","Q",TRUE,"Sin cabina","adult","1","2","alone","alone","alone"
363,0,"3","female",45,0,1,14.4542,"","C",FALSE,"Sin cabina","adult","2","1","alone","parch","family"
368,1,"3","female",13,0,0,7.2292,"","C",TRUE,"Sin cabina","teenager","1","1","alone","alone","alone"
369,1,"3","female",22,0,0,7.75,"","Q",TRUE,"Sin cabina","adult","1","2","alone","alone","alone"
375,0,"3","female",3,3,1,21.075,"","S",FALSE,"Sin cabina","kid","2","3","sibs","parch","family"
377,1,"3","female",22,0,0,7.25,"","S",FALSE,"Sin cabina","adult","1","3","alone","alone","alone"
382,1,"3","female",1,0,2,15.7417,"","C",FALSE,"Sin cabina","kid","2","1","alone","parch","family"
395,1,"3","female",24,0,2,16.7,"G6","S",FALSE,"Con cabina","adult","2","3","alone","parch","family"
397,0,"3","female",31,0,0,7.8542,"","S",FALSE,"Sin cabina","adult","1","3","alone","alone","alone"
403,0,"3","female",21,1,0,9.825,"","S",FALSE,"Sin cabina","adult","2","3","sibs","alone","family"
405,0,"3","female",20,0,0,8.6625,"","S",FALSE,"Sin cabina","adult","2","3","alone","alone","alone"
410,0,"3","female",10,3,1,25.4667,"","S",TRUE,"Sin cabina","kid","2","3","sibs","parch","family"
416,0,"3","female",28,0,0,8.05,"","S",TRUE,"Sin cabina","adult","2","3","alone","alone","alone"
420,0,"3","female",10,0,2,24.15,"","S",FALSE,"Sin cabina","kid","2","3","alone","parch","family"
424,0,"3","female",28,1,1,14.4,"","S",FALSE,"Sin cabina","adult","2","3","sibs","parch","family"
432,1,"3","female",26,1,0,16.1,"","S",TRUE,"Sin cabina","adult","2","3","sibs","alone","family"
437,0,"3","female",21,2,2,34.375,"","S",FALSE,"Sin cabina","adult","2","3","sibs","parch","family"
449,1,"3","female",5,2,1,19.2583,"","C",FALSE,"Sin cabina","kid","2","1","sibs","parch","family"
470,1,"3","female",0.75,2,1,19.2583,"","C",FALSE,"Sin cabina","kid","2","1","sibs","parch","family"
475,0,"3","female",22,0,0,9.8375,"","S",FALSE,"Sin cabina","adult","2","3","alone","alone","alone"
480,1,"3","female",2,0,1,12.2875,"","S",FALSE,"Sin cabina","kid","2","3","alone","parch","family"
484,1,"3","female",63,0,0,9.5875,"","S",FALSE,"Sin cabina","adult","2","3","alone","alone","alone"
486,0,"3","female",10,3,1,25.4667,"","S",TRUE,"Sin cabina","kid","2","3","sibs","parch","family"
502,0,"3","female",21,0,0,7.75,"","Q",FALSE,"Sin cabina","adult","1","2","alone","alone","alone"
503,0,"3","female",24,0,0,7.6292,"","Q",TRUE,"Sin cabina","adult","1","2","alone","alone","alone"
504,0,"3","female",37,0,0,9.5875,"","S",FALSE,"Sin cabina","adult","2","3","alone","alone","alone"
534,1,"3","female",13,0,2,22.3583,"","C",TRUE,"Sin cabina","teenager","2","1","alone","parch","family"
535,0,"3","female",30,0,0,8.6625,"","S",FALSE,"Sin cabina","adult","2","3","alone","alone","alone"
542,0,"3","female",9,4,2,31.275,"","S",FALSE,"Sin cabina","kid","2","3","sibs","parch","family"
543,0,"3","female",11,4,2,31.275,"","S",FALSE,"Sin cabina","teenager","2","3","sibs","parch","family"
555,1,"3","female",22,0,0,7.775,"","S",FALSE,"Sin cabina","adult","1","3","alone","alone","alone"
560,1,"3","female",36,1,0,17.4,"","S",FALSE,"Sin cabina","adult","2","3","sibs","alone","family"
565,0,"3","female",25,0,0,8.05,"","S",TRUE,"Sin cabina","adult","2","3","alone","alone","alone"
568,0,"3","female",29,0,4,21.075,"","S",FALSE,"Sin cabina","adult","2","3","alone","parch","family"
574,1,"3","female",19,0,0,7.75,"","Q",TRUE,"Sin cabina","adult","1","2","alone","alone","alone"
579,0,"3","female",21,1,0,14.4583,"","C",TRUE,"Sin cabina","adult","2","1","sibs","alone","family"
594,0,"3","female",30,0,2,7.75,"","Q",TRUE,"Sin cabina","adult","1","2","alone","parch","family"
611,0,"3","female",39,1,5,31.275,"","S",FALSE,"Sin cabina","adult","2","3","sibs","parch","family"
613,1,"3","female",18,1,0,15.5,"","Q",TRUE,"Sin cabina","teenager","2","2","sibs","alone","family"
618,0,"3","female",26,1,0,16.1,"","S",FALSE,"Sin cabina","adult","2","3","sibs","alone","family"
635,0,"3","female",9,3,2,27.9,"","S",FALSE,"Sin cabina","kid","2","3","sibs","parch","family"
639,0,"3","female",41,0,5,39.6875,"","S",FALSE,"Sin cabina","adult","2","3","alone","parch","family"
643,0,"3","female",2,3,2,27.9,"","S",FALSE,"Sin cabina","kid","2","3","sibs","parch","family"
645,1,"3","female",0.75,2,1,19.2583,"","C",FALSE,"Sin cabina","kid","2","1","sibs","parch","family"
650,1,"3","female",23,0,0,7.55,"","S",FALSE,"Sin cabina","adult","1","3","alone","alone","alone"
654,1,"3","female",18,0,0,7.8292,"","Q",TRUE,"Sin cabina","teenager","1","2","alone","alone","alone"
655,0,"3","female",18,0,0,6.75,"","Q",FALSE,"Sin cabina","teenager","1","2","alone","alone","alone"
658,0,"3","female",32,1,1,15.5,"","Q",FALSE,"Sin cabina","adult","2","2","sibs","parch","family"
678,1,"3","female",18,0,0,9.8417,"","S",FALSE,"Sin cabina","teenager","2","3","alone","alone","alone"
679,0,"3","female",43,1,6,46.9,"","S",FALSE,"Sin cabina","adult","2","3","sibs","parch","family"
681,0,"3","female",23,0,0,8.1375,"","Q",TRUE,"Sin cabina","adult","2","2","alone","alone","alone"
692,1,"3","female",4,0,1,13.4167,"","C",FALSE,"Sin cabina","kid","2","1","alone","parch","family"
698,1,"3","female",18,0,0,7.7333,"","Q",TRUE,"Sin cabina","teenager","1","2","alone","alone","alone"
703,0,"3","female",18,0,1,14.4542,"","C",FALSE,"Sin cabina","teenager","2","1","alone","parch","family"
728,1,"3","female",18,0,0,7.7375,"","Q",TRUE,"Sin cabina","teenager","1","2","alone","alone","alone"
730,0,"3","female",25,1,0,7.925,"","S",FALSE,"Sin cabina","adult","1","3","sibs","alone","family"
737,0,"3","female",48,1,3,34.375,"","S",FALSE,"Sin cabina","adult","2","3","sibs","parch","family"
768,0,"3","female",30.5,0,0,7.75,"","Q",FALSE,"Sin cabina","adult","1","2","alone","alone","alone"
778,1,"3","female",5,0,0,12.475,"","S",FALSE,"Sin cabina","kid","2","3","alone","alone","alone"
781,1,"3","female",13,0,0,7.2292,"","C",FALSE,"Sin cabina","teenager","1","1","alone","alone","alone"
787,1,"3","female",18,0,0,7.4958,"","S",FALSE,"Sin cabina","teenager","1","3","alone","alone","alone"
793,0,"3","female",11,8,2,69.55,"","S",TRUE,"Sin cabina","teenager","2","3","sibs","parch","family"
798,1,"3","female",31,0,0,8.6833,"","S",FALSE,"Sin cabina","adult","2","3","alone","alone","alone"
800,0,"3","female",30,1,1,24.15,"","S",FALSE,"Sin cabina","adult","2","3","sibs","parch","family"
808,0,"3","female",18,0,0,7.775,"","S",FALSE,"Sin cabina","teenager","1","3","alone","alone","alone"
814,0,"3","female",6,4,2,31.275,"","S",FALSE,"Sin cabina","kid","2","3","sibs","parch","family"
817,0,"3","female",23,0,0,7.925,"","S",FALSE,"Sin cabina","adult","1","3","alone","alone","alone"
824,1,"3","female",27,0,1,12.475,"E121","S",FALSE,"Con cabina","adult","2","3","alone","parch","family"
831,1,"3","female",15,1,0,14.4542,"","C",FALSE,"Sin cabina","teenager","2","1","sibs","alone","family"
853,0,"3","female",9,1,1,15.2458,"","C",FALSE,"Sin cabina","kid","2","1","sibs","parch","family"
856,1,"3","female",18,0,1,9.35,"","S",FALSE,"Sin cabina","teenager","2","3","alone","parch","family"
859,1,"3","female",24,0,3,19.2583,"","C",FALSE,"Sin cabina","adult","2","1","alone","parch","family"
864,0,"3","female",11,8,2,69.55,"","S",TRUE,"Sin cabina","teenager","2","3","sibs","parch","family"
876,1,"3","female",15,0,0,7.225,"","C",FALSE,"Sin cabina","teenager","1","1","alone","alone","alone"
883,0,"3","female",22,0,0,10.5167,"","S",FALSE,"Sin cabina","adult","2","3","alone","alone","alone"
886,0,"3","female",39,0,5,29.125,"","Q",FALSE,"Sin cabina","adult","2","2","alone","parch","family"
889,0,"3","female",22,1,2,23.45,"","S",TRUE,"Sin cabina","adult","2","3","sibs","parch","family"
